{
    "total races": 21,
    "wins": 0,
    "win percentage": 0.0,
    "average weekend score": -31.047619047619047,
    "average race position": 19.523809523809526,
    "points per weekend": 0.0,
    "average quali position": 22.19047619047619,
    "average fp1 position": 13.0,
    "average fp2 position": 13.142857142857142,
    "average fp3 position": 10.0,
    "average fastest lap position": 19.38095238095238,
    "average rise/fall factor": 2.6666666666666665,
    "average teammate comp race": -1.7619047619047619,
    "average teammate comp quali": -5.428571428571429,
    "average driver standings position": 10.0,
    "average constructor standings position": 5.0,
    "normalisation factor": 3.044522437723423,
    "career score": -94.52517282836533
}