{
    "total races": 88,
    "wins": 0,
    "win percentage": 0.0,
    "average weekend score": 114.17045454545455,
    "average race position": 16.920454545454547,
    "points per weekend": 1.0,
    "average quali position": 18.056818181818183,
    "average fp1 position": 15.715909090909092,
    "average fp2 position": 15.431818181818182,
    "average fp3 position": 10.0,
    "average fastest lap position": 14.5,
    "average rise/fall factor": 1.1363636363636365,
    "average teammate comp race": -2.215909090909091,
    "average teammate comp quali": -1.5340909090909092,
    "average driver standings position": 11.636363636363637,
    "average constructor standings position": 6.681818181818182,
    "normalisation factor": 4.477336814478207,
    "career score": 511.17957926207436
}