{
    "total races": 3,
    "wins": 0,
    "win percentage": 0.0,
    "average weekend score": -61.333333333333336,
    "average race position": 20.0,
    "points per weekend": 0.0,
    "average quali position": 18.333333333333332,
    "average fp1 position": 10.0,
    "average fp2 position": 10.0,
    "average fp3 position": 10.0,
    "average fastest lap position": 10.0,
    "average rise/fall factor": -1.6666666666666667,
    "average teammate comp race": -5.666666666666667,
    "average teammate comp quali": -3.3333333333333335,
    "average driver standings position": 10.0,
    "average constructor standings position": 5.0,
    "normalisation factor": 1.0986122886681098,
    "career score": -67.3815537049774
}