{
    "total races": 202,
    "wins": 51,
    "win percentage": 25.247524752475247,
    "average weekend score": 653.1435643564356,
    "average race position": 8.0,
    "points per weekend": 12.465346534653465,
    "average quali position": 4.257425742574258,
    "average fp1 position": 8.247524752475247,
    "average fp2 position": 7.9405940594059405,
    "average fp3 position": 10.0,
    "average fastest lap position": 5.262376237623762,
    "average rise/fall factor": -3.742574257425743,
    "average teammate comp race": 3.366336633663366,
    "average teammate comp quali": 2.267326732673267,
    "average driver standings position": 3.257425742574257,
    "average constructor standings position": 2.4356435643564356,
    "normalisation factor": 5.308267697401205,
    "career score": 3467.060884438752
}