{
    "total races": 110,
    "wins": 12,
    "win percentage": 10.909090909090908,
    "average weekend score": 381.9727272727273,
    "average race position": 11.89090909090909,
    "points per weekend": 6.363636363636363,
    "average quali position": 11.036363636363637,
    "average fp1 position": 10.00909090909091,
    "average fp2 position": 9.963636363636363,
    "average fp3 position": 10.0,
    "average fastest lap position": 9.827272727272728,
    "average rise/fall factor": -0.8545454545454545,
    "average teammate comp race": 1.3545454545454545,
    "average teammate comp quali": 1.6181818181818182,
    "average driver standings position": 8.618181818181819,
    "average constructor standings position": 5.527272727272727,
    "normalisation factor": 4.700480365792417,
    "career score": 1795.455304813636
}