{
    "total races": 3,
    "wins": 0,
    "win percentage": 0.0,
    "average weekend score": 48.0,
    "average race position": 12.0,
    "points per weekend": 2.6666666666666665,
    "average quali position": 19.666666666666668,
    "average fp1 position": 10.0,
    "average fp2 position": 10.0,
    "average fp3 position": 10.0,
    "average fastest lap position": 10.0,
    "average rise/fall factor": 7.666666666666667,
    "average teammate comp race": -9.666666666666666,
    "average teammate comp quali": -14.666666666666666,
    "average driver standings position": 10.0,
    "average constructor standings position": 1.6666666666666667,
    "normalisation factor": 1.0986122886681098,
    "career score": 52.733389856069266
}