{
    "total races": 78,
    "average weekend score": 257.5,
    "average race position": 14.76923076923077,
    "average quali position": 12.73076923076923,
    "average fp1 position": 9.474358974358974,
    "average fp2 position": 10.474358974358974,
    "average fp3 position": 10.0,
    "average fastest lap position": 11.435897435897436,
    "average rise/fall factor": -2.0384615384615383,
    "average teammate comp race": -1.0,
    "average teammate comp quali": 2.8974358974358974,
    "average driver standings position": 8.807692307692308,
    "average constructor standings position": 4.269230769230769
}