{
    "total races": 44,
    "wins": 0,
    "win percentage": 0.0,
    "average weekend score": 120.63636363636364,
    "average race position": 16.022727272727273,
    "points per weekend": 0.8863636363636364,
    "average quali position": 16.977272727272727,
    "average fp1 position": 16.613636363636363,
    "average fp2 position": 16.272727272727273,
    "average fp3 position": 10.0,
    "average fastest lap position": 14.340909090909092,
    "average rise/fall factor": 0.9545454545454546,
    "average teammate comp race": -4.0227272727272725,
    "average teammate comp quali": -2.6363636363636362,
    "average driver standings position": 11.272727272727273,
    "average constructor standings position": 4.7727272727272725,
    "normalisation factor": 3.784189633918261,
    "career score": 456.5108767463211
}