{
    "total races": 69,
    "wins": 0,
    "win percentage": 0.0,
    "average weekend score": 335.8695652173913,
    "average race position": 11.985507246376812,
    "points per weekend": 3.289855072463768,
    "average quali position": 12.27536231884058,
    "average fp1 position": 12.028985507246377,
    "average fp2 position": 12.202898550724637,
    "average fp3 position": 10.869565217391305,
    "average fastest lap position": 11.347826086956522,
    "average rise/fall factor": 0.2898550724637681,
    "average teammate comp race": -0.8405797101449275,
    "average teammate comp quali": -3.0579710144927534,
    "average driver standings position": 10.81159420289855,
    "average constructor standings position": 4.115942028985507,
    "normalisation factor": 4.23410650459726,
    "career score": 1422.10751078321
}