{
    "total races": 105,
    "average weekend score": 384.0857142857143,
    "average race position": 12.133333333333333,
    "average quali position": 12.085714285714285,
    "average fp1 position": 10.504761904761905,
    "average fp2 position": 12.00952380952381,
    "average fp3 position": 10.723809523809523,
    "average fastest lap position": 11.41904761904762,
    "average rise/fall factor": -0.047619047619047616,
    "average teammate comp race": 1.4952380952380953,
    "average teammate comp quali": 1.542857142857143,
    "average driver standings position": 13.504761904761905,
    "average constructor standings position": 7.114285714285714
}