{
    "total races": 69,
    "average weekend score": 302.9710144927536,
    "average race position": 11.985507246376812,
    "average quali position": 12.27536231884058,
    "average fp1 position": 12.028985507246377,
    "average fp2 position": 12.202898550724637,
    "average fp3 position": 10.869565217391305,
    "average fastest lap position": 11.347826086956522,
    "average rise/fall factor": 0.2898550724637681,
    "average teammate comp race": -0.8405797101449275,
    "average teammate comp quali": -3.0579710144927534,
    "average driver standings position": 10.81159420289855,
    "average constructor standings position": 4.115942028985507
}