{
    "total races": 18,
    "average weekend score": 52.666666666666664,
    "average race position": 17.38888888888889,
    "average quali position": 21.38888888888889,
    "average fp1 position": 20.88888888888889,
    "average fp2 position": 21.333333333333332,
    "average fp3 position": 10.0,
    "average fastest lap position": 17.27777777777778,
    "average rise/fall factor": 4.0,
    "average teammate comp race": -3.0555555555555554,
    "average teammate comp quali": -1.9444444444444444,
    "average driver standings position": 16.22222222222222,
    "average constructor standings position": 8.38888888888889
}