{
    "total races": 76,
    "average weekend score": 178.85526315789474,
    "average race position": 16.25,
    "average quali position": 20.17105263157895,
    "average fp1 position": 14.763157894736842,
    "average fp2 position": 15.513157894736842,
    "average fp3 position": 10.0,
    "average fastest lap position": 14.657894736842104,
    "average rise/fall factor": 3.9210526315789473,
    "average teammate comp race": 1.6842105263157894,
    "average teammate comp quali": 0.6973684210526315,
    "average driver standings position": 11.460526315789474,
    "average constructor standings position": 6.092105263157895
}