{
    "total races": 9,
    "average weekend score": 60.333333333333336,
    "average race position": 17.88888888888889,
    "average quali position": 26.0,
    "average fp1 position": 13.444444444444445,
    "average fp2 position": 13.444444444444445,
    "average fp3 position": 10.0,
    "average fastest lap position": 23.0,
    "average rise/fall factor": 8.11111111111111,
    "average teammate comp race": 1.1111111111111112,
    "average teammate comp quali": -1.7777777777777777,
    "average driver standings position": 10.0,
    "average constructor standings position": 5.0
}