{
    "total races": 214,
    "average weekend score": 183.79906542056074,
    "average race position": 16.121495327102803,
    "average quali position": 14.649532710280374,
    "average fp1 position": 12.69626168224299,
    "average fp2 position": 13.16822429906542,
    "average fp3 position": 10.0,
    "average fastest lap position": 13.042056074766355,
    "average rise/fall factor": -1.47196261682243,
    "average teammate comp race": -0.0794392523364486,
    "average teammate comp quali": 0.7336448598130841,
    "average driver standings position": 11.785046728971963,
    "average constructor standings position": 6.607476635514018
}