{
    "total races": 28,
    "average weekend score": 64.75,
    "average race position": 18.535714285714285,
    "average quali position": 22.071428571428573,
    "average fp1 position": 20.321428571428573,
    "average fp2 position": 20.535714285714285,
    "average fp3 position": 10.0,
    "average fastest lap position": 16.285714285714285,
    "average rise/fall factor": 3.5357142857142856,
    "average teammate comp race": -0.4642857142857143,
    "average teammate comp quali": 0.03571428571428571,
    "average driver standings position": 10.0,
    "average constructor standings position": 5.0
}