{
    "total races": 36,
    "wins": 0,
    "win percentage": 0.0,
    "average weekend score": -27.88888888888889,
    "average race position": 16.52777777777778,
    "points per weekend": 1.2222222222222223,
    "average quali position": 18.055555555555557,
    "average fp1 position": 10.0,
    "average fp2 position": 10.0,
    "average fp3 position": 10.0,
    "average fastest lap position": 10.0,
    "average rise/fall factor": 1.5277777777777777,
    "average teammate comp race": -8.305555555555555,
    "average teammate comp quali": -8.944444444444445,
    "average driver standings position": 10.88888888888889,
    "average constructor standings position": 4.861111111111111,
    "normalisation factor": 3.58351893845611,
    "career score": -99.94036150583152
}