{
    "total races": 36,
    "average weekend score": -40.111111111111114,
    "average race position": 16.52777777777778,
    "average quali position": 18.055555555555557,
    "average fp1 position": 10.0,
    "average fp2 position": 10.0,
    "average fp3 position": 10.0,
    "average fastest lap position": 10.0,
    "average rise/fall factor": 1.5277777777777777,
    "average teammate comp race": -8.305555555555555,
    "average teammate comp quali": -8.944444444444445,
    "average driver standings position": 10.88888888888889,
    "average constructor standings position": 4.861111111111111
}