{
    "total races": 162,
    "average weekend score": 528.0432098765432,
    "average race position": 8.765432098765432,
    "average quali position": 3.2962962962962963,
    "average fp1 position": 5.530864197530864,
    "average fp2 position": 6.253086419753086,
    "average fp3 position": 10.0,
    "average fastest lap position": 5.327160493827161,
    "average rise/fall factor": -5.469135802469136,
    "average teammate comp race": 1.8209876543209877,
    "average teammate comp quali": 4.462962962962963,
    "average driver standings position": 3.506172839506173,
    "average constructor standings position": 2.450617283950617
}