{
    "total races": 17,
    "average weekend score": -65.52941176470588,
    "average race position": 20.0,
    "average quali position": 26.470588235294116,
    "average fp1 position": 10.0,
    "average fp2 position": 10.0,
    "average fp3 position": 10.0,
    "average fastest lap position": 10.0,
    "average rise/fall factor": 6.470588235294118,
    "average teammate comp race": -3.7058823529411766,
    "average teammate comp quali": -4.764705882352941,
    "average driver standings position": 10.0,
    "average constructor standings position": 5.9411764705882355
}