{
    "total races": 34,
    "average weekend score": 28.91176470588235,
    "average race position": 19.323529411764707,
    "average quali position": 23.235294117647058,
    "average fp1 position": 18.470588235294116,
    "average fp2 position": 18.147058823529413,
    "average fp3 position": 10.0,
    "average fastest lap position": 12.294117647058824,
    "average rise/fall factor": 3.911764705882353,
    "average teammate comp race": -0.4117647058823529,
    "average teammate comp quali": -0.6764705882352942,
    "average driver standings position": 10.0,
    "average constructor standings position": 5.147058823529412
}