{
    "total races": 84,
    "average weekend score": 77.77380952380952,
    "average race position": 18.226190476190474,
    "average quali position": 21.595238095238095,
    "average fp1 position": 18.488095238095237,
    "average fp2 position": 19.071428571428573,
    "average fp3 position": 10.0,
    "average fastest lap position": 13.738095238095237,
    "average rise/fall factor": 3.369047619047619,
    "average teammate comp race": -0.15476190476190477,
    "average teammate comp quali": -0.4642857142857143,
    "average driver standings position": 11.05952380952381,
    "average constructor standings position": 6.7023809523809526
}