{
    "total races": 3,
    "average weekend score": -168.66666666666666,
    "average race position": 20.0,
    "average quali position": 20.666666666666668,
    "average fp1 position": 10.0,
    "average fp2 position": 10.0,
    "average fp3 position": 10.0,
    "average fastest lap position": 10.0,
    "average rise/fall factor": 0.6666666666666666,
    "average teammate comp race": -8.666666666666666,
    "average teammate comp quali": -11.666666666666666,
    "average driver standings position": 10.0,
    "average constructor standings position": 4.333333333333333
}