{
    "total races": 29,
    "average weekend score": 31.862068965517242,
    "average race position": 13.89655172413793,
    "average quali position": 14.172413793103448,
    "average fp1 position": 10.0,
    "average fp2 position": 10.0,
    "average fp3 position": 10.0,
    "average fastest lap position": 10.0,
    "average rise/fall factor": 0.27586206896551724,
    "average teammate comp race": -8.344827586206897,
    "average teammate comp quali": -10.068965517241379,
    "average driver standings position": 10.827586206896552,
    "average constructor standings position": 3.3448275862068964
}