{
    "total races": 9,
    "average weekend score": 56.44444444444444,
    "average race position": 14.333333333333334,
    "average quali position": 15.222222222222221,
    "average fp1 position": 10.0,
    "average fp2 position": 10.0,
    "average fp3 position": 10.0,
    "average fastest lap position": 10.0,
    "average rise/fall factor": 0.8888888888888888,
    "average teammate comp race": -5.444444444444445,
    "average teammate comp quali": -9.555555555555555,
    "average driver standings position": 9.666666666666666,
    "average constructor standings position": 3.3333333333333335
}