{
    "total races": 29,
    "wins": 0,
    "win percentage": 0.0,
    "average weekend score": 55.6551724137931,
    "average race position": 13.89655172413793,
    "points per weekend": 2.3793103448275863,
    "average quali position": 14.172413793103448,
    "average fp1 position": 10.0,
    "average fp2 position": 10.0,
    "average fp3 position": 10.0,
    "average fastest lap position": 10.0,
    "average rise/fall factor": 0.27586206896551724,
    "average teammate comp race": -8.344827586206897,
    "average teammate comp quali": -10.068965517241379,
    "average driver standings position": 10.827586206896552,
    "average constructor standings position": 3.3448275862068964,
    "normalisation factor": 3.367295829986474,
    "career score": 187.40742998614377
}