{
    "total races": 9,
    "wins": 0,
    "win percentage": 0.0,
    "average weekend score": 80.88888888888889,
    "average race position": 14.333333333333334,
    "points per weekend": 2.4444444444444446,
    "average quali position": 15.222222222222221,
    "average fp1 position": 10.0,
    "average fp2 position": 10.0,
    "average fp3 position": 10.0,
    "average fastest lap position": 10.0,
    "average rise/fall factor": 0.8888888888888888,
    "average teammate comp race": -5.444444444444445,
    "average teammate comp quali": -9.555555555555555,
    "average driver standings position": 9.666666666666666,
    "average constructor standings position": 3.3333333333333335,
    "normalisation factor": 2.1972245773362196,
    "career score": 177.7310547000853
}