{
    "total races": 7,
    "average weekend score": -120.85714285714286,
    "average race position": 20.0,
    "average quali position": 25.428571428571427,
    "average fp1 position": 10.0,
    "average fp2 position": 10.0,
    "average fp3 position": 10.0,
    "average fastest lap position": 10.0,
    "average rise/fall factor": 5.428571428571429,
    "average teammate comp race": -5.857142857142857,
    "average teammate comp quali": -8.714285714285714,
    "average driver standings position": 10.0,
    "average constructor standings position": 4.857142857142857
}