{
    "total races": 37,
    "wins": 0,
    "win percentage": 0.0,
    "average weekend score": -0.5945945945945946,
    "average race position": 15.243243243243244,
    "points per weekend": 0.5675675675675675,
    "average quali position": 21.594594594594593,
    "average fp1 position": 10.0,
    "average fp2 position": 10.0,
    "average fp3 position": 10.0,
    "average fastest lap position": 10.0,
    "average rise/fall factor": 6.351351351351352,
    "average teammate comp race": -5.675675675675675,
    "average teammate comp quali": -12.27027027027027,
    "average driver standings position": 10.0,
    "average constructor standings position": 6.351351351351352,
    "normalisation factor": 3.6109179126442243,
    "career score": -2.1470322723830524
}