{
    "total races": 37,
    "average weekend score": -6.27027027027027,
    "average race position": 15.243243243243244,
    "average quali position": 21.594594594594593,
    "average fp1 position": 10.0,
    "average fp2 position": 10.0,
    "average fp3 position": 10.0,
    "average fastest lap position": 10.0,
    "average rise/fall factor": 6.351351351351352,
    "average teammate comp race": -5.675675675675675,
    "average teammate comp quali": -12.27027027027027,
    "average driver standings position": 10.0,
    "average constructor standings position": 6.351351351351352
}