{
    "total races": 35,
    "wins": 0,
    "win percentage": 0.0,
    "average weekend score": 60.114285714285714,
    "average race position": 17.057142857142857,
    "points per weekend": 0.6857142857142857,
    "average quali position": 23.457142857142856,
    "average fp1 position": 10.0,
    "average fp2 position": 10.0,
    "average fp3 position": 10.0,
    "average fastest lap position": 9.742857142857142,
    "average rise/fall factor": 6.4,
    "average teammate comp race": -1.5714285714285714,
    "average teammate comp quali": -4.457142857142857,
    "average driver standings position": 10.0,
    "average constructor standings position": 6.085714285714285,
    "normalisation factor": 3.5553480614894135,
    "career score": 213.72720918210646
}