{
    "total races": 35,
    "average weekend score": 53.25714285714286,
    "average race position": 17.057142857142857,
    "average quali position": 23.457142857142856,
    "average fp1 position": 10.0,
    "average fp2 position": 10.0,
    "average fp3 position": 10.0,
    "average fastest lap position": 9.742857142857142,
    "average rise/fall factor": 6.4,
    "average teammate comp race": -1.5714285714285714,
    "average teammate comp quali": -4.457142857142857,
    "average driver standings position": 10.0,
    "average constructor standings position": 6.085714285714285
}