{
    "total races": 95,
    "average weekend score": 317.9789473684211,
    "average race position": 10.76842105263158,
    "average quali position": 8.347368421052632,
    "average fp1 position": 10.0,
    "average fp2 position": 10.0,
    "average fp3 position": 10.0,
    "average fastest lap position": 9.810526315789474,
    "average rise/fall factor": -2.4210526315789473,
    "average teammate comp race": -0.43157894736842106,
    "average teammate comp quali": 1.2105263157894737,
    "average driver standings position": 6.389473684210526,
    "average constructor standings position": 3.9789473684210526
}