{
    "total races": 46,
    "average weekend score": 190.7173913043478,
    "average race position": 15.347826086956522,
    "average quali position": 17.26086956521739,
    "average fp1 position": 16.32608695652174,
    "average fp2 position": 16.91304347826087,
    "average fp3 position": 16.456521739130434,
    "average fastest lap position": 15.130434782608695,
    "average rise/fall factor": 1.9130434782608696,
    "average teammate comp race": 0.06521739130434782,
    "average teammate comp quali": -2.4130434782608696,
    "average driver standings position": 17.82608695652174,
    "average constructor standings position": 8.282608695652174
}