{
    "total races": 82,
    "wins": 0,
    "win percentage": 0.0,
    "average weekend score": 144.46341463414635,
    "average race position": 16.390243902439025,
    "points per weekend": 1.2682926829268293,
    "average quali position": 13.74390243902439,
    "average fp1 position": 10.0,
    "average fp2 position": 10.0,
    "average fp3 position": 10.0,
    "average fastest lap position": 10.987804878048781,
    "average rise/fall factor": -2.6463414634146343,
    "average teammate comp race": -0.47560975609756095,
    "average teammate comp quali": -1.2073170731707317,
    "average driver standings position": 11.890243902439025,
    "average constructor standings position": 7.524390243902439,
    "normalisation factor": 4.406719247264253,
    "career score": 636.6097097938091
}