{
    "total races": 26,
    "average weekend score": 180.30769230769232,
    "average race position": 12.615384615384615,
    "average quali position": 17.53846153846154,
    "average fp1 position": 10.0,
    "average fp2 position": 10.0,
    "average fp3 position": 10.0,
    "average fastest lap position": 10.0,
    "average rise/fall factor": 4.923076923076923,
    "average teammate comp race": -1.3461538461538463,
    "average teammate comp quali": -5.653846153846154,
    "average driver standings position": 12.192307692307692,
    "average constructor standings position": 5.153846153846154
}