{
    "total races": 63,
    "average weekend score": 208.22222222222223,
    "average race position": 13.825396825396826,
    "average quali position": 11.079365079365079,
    "average fp1 position": 10.0,
    "average fp2 position": 10.0,
    "average fp3 position": 10.0,
    "average fastest lap position": 9.285714285714286,
    "average rise/fall factor": -2.746031746031746,
    "average teammate comp race": -1.5714285714285714,
    "average teammate comp quali": 0.0,
    "average driver standings position": 11.11111111111111,
    "average constructor standings position": 5.825396825396825
}