{
    "total races": 136,
    "average weekend score": 357.02941176470586,
    "average race position": 9.963235294117647,
    "average quali position": 6.985294117647059,
    "average fp1 position": 10.0,
    "average fp2 position": 10.0,
    "average fp3 position": 10.0,
    "average fastest lap position": 9.602941176470589,
    "average rise/fall factor": -2.9779411764705883,
    "average teammate comp race": 0.16911764705882354,
    "average teammate comp quali": 1.8014705882352942,
    "average driver standings position": 5.897058823529412,
    "average constructor standings position": 3.3676470588235294
}