{
    "total races": 39,
    "average weekend score": 92.46153846153847,
    "average race position": 17.923076923076923,
    "average quali position": 20.666666666666668,
    "average fp1 position": 18.923076923076923,
    "average fp2 position": 20.23076923076923,
    "average fp3 position": 20.0,
    "average fastest lap position": 19.205128205128204,
    "average rise/fall factor": 2.7435897435897436,
    "average teammate comp race": -0.3333333333333333,
    "average teammate comp quali": -0.3076923076923077,
    "average driver standings position": 20.53846153846154,
    "average constructor standings position": 10.717948717948717
}