{
    "total races": 149,
    "average weekend score": 556.751677852349,
    "average race position": 7.7114093959731544,
    "average quali position": 6.201342281879195,
    "average fp1 position": 6.315436241610739,
    "average fp2 position": 6.899328859060403,
    "average fp3 position": 7.134228187919463,
    "average fastest lap position": 7.684563758389261,
    "average rise/fall factor": -1.5100671140939597,
    "average teammate comp race": 0.6510067114093959,
    "average teammate comp quali": 1.483221476510067,
    "average driver standings position": 5.939597315436242,
    "average constructor standings position": 3.7986577181208054
}