{
    "total races": 33,
    "average weekend score": 94.78787878787878,
    "average race position": 16.515151515151516,
    "average quali position": 24.333333333333332,
    "average fp1 position": 10.0,
    "average fp2 position": 10.0,
    "average fp3 position": 10.0,
    "average fastest lap position": 10.757575757575758,
    "average rise/fall factor": 7.818181818181818,
    "average teammate comp race": 1.4545454545454546,
    "average teammate comp quali": -5.484848484848484,
    "average driver standings position": 14.484848484848484,
    "average constructor standings position": 8.242424242424242
}