{
    "total races": 51,
    "wins": 0,
    "win percentage": 0.0,
    "average weekend score": 255.66666666666666,
    "average race position": 13.980392156862745,
    "points per weekend": 1.0980392156862746,
    "average quali position": 13.411764705882353,
    "average fp1 position": 17.862745098039216,
    "average fp2 position": 17.607843137254903,
    "average fp3 position": 13.156862745098039,
    "average fastest lap position": 13.352941176470589,
    "average rise/fall factor": -0.5686274509803921,
    "average teammate comp race": -1.0784313725490196,
    "average teammate comp quali": -1.2156862745098038,
    "average driver standings position": 16.568627450980394,
    "average constructor standings position": 7.294117647058823,
    "normalisation factor": 3.9318256327243257,
    "career score": 1005.2367534331859
}