{
    "total races": 43,
    "average weekend score": 273.72093023255815,
    "average race position": 13.325581395348838,
    "average quali position": 18.953488372093023,
    "average fp1 position": 17.162790697674417,
    "average fp2 position": 16.976744186046513,
    "average fp3 position": 10.0,
    "average fastest lap position": 13.837209302325581,
    "average rise/fall factor": 5.627906976744186,
    "average teammate comp race": 2.558139534883721,
    "average teammate comp quali": -1.3255813953488371,
    "average driver standings position": 11.046511627906977,
    "average constructor standings position": 7.093023255813954
}