{
    "total races": 46,
    "wins": 0,
    "win percentage": 0.0,
    "average weekend score": 172.82608695652175,
    "average race position": 16.347826086956523,
    "points per weekend": 0.2391304347826087,
    "average quali position": 18.456521739130434,
    "average fp1 position": 17.391304347826086,
    "average fp2 position": 20.456521739130434,
    "average fp3 position": 18.065217391304348,
    "average fastest lap position": 17.08695652173913,
    "average rise/fall factor": 2.108695652173913,
    "average teammate comp race": 0.5434782608695652,
    "average teammate comp quali": 0.43478260869565216,
    "average driver standings position": 19.08695652173913,
    "average constructor standings position": 9.956521739130435,
    "normalisation factor": 3.828641396489095,
    "career score": 661.6891109149632
}