{
    "total races": 103,
    "average weekend score": 248.93203883495147,
    "average race position": 13.766990291262136,
    "average quali position": 10.029126213592233,
    "average fp1 position": 10.0,
    "average fp2 position": 10.0,
    "average fp3 position": 10.0,
    "average fastest lap position": 9.737864077669903,
    "average rise/fall factor": -3.737864077669903,
    "average teammate comp race": 0.0,
    "average teammate comp quali": 2.766990291262136,
    "average driver standings position": 9.611650485436893,
    "average constructor standings position": 4.728155339805825
}