{
    "total races": 46,
    "average weekend score": 170.43478260869566,
    "average race position": 16.347826086956523,
    "average quali position": 18.456521739130434,
    "average fp1 position": 17.391304347826086,
    "average fp2 position": 20.456521739130434,
    "average fp3 position": 18.065217391304348,
    "average fastest lap position": 17.08695652173913,
    "average rise/fall factor": 2.108695652173913,
    "average teammate comp race": 0.5434782608695652,
    "average teammate comp quali": 0.43478260869565216,
    "average driver standings position": 19.08695652173913,
    "average constructor standings position": 9.956521739130435
}