{
    "total races": 51,
    "average weekend score": 244.68627450980392,
    "average race position": 13.980392156862745,
    "average quali position": 13.411764705882353,
    "average fp1 position": 17.862745098039216,
    "average fp2 position": 17.607843137254903,
    "average fp3 position": 13.156862745098039,
    "average fastest lap position": 13.352941176470589,
    "average rise/fall factor": -0.5686274509803921,
    "average teammate comp race": -1.0784313725490196,
    "average teammate comp quali": -1.2156862745098038,
    "average driver standings position": 16.568627450980394,
    "average constructor standings position": 7.294117647058823
}