{
    "total races": 47,
    "average weekend score": 133.87234042553192,
    "average race position": 16.425531914893618,
    "average quali position": 22.29787234042553,
    "average fp1 position": 14.446808510638299,
    "average fp2 position": 14.97872340425532,
    "average fp3 position": 10.0,
    "average fastest lap position": 16.574468085106382,
    "average rise/fall factor": 5.872340425531915,
    "average teammate comp race": 2.021276595744681,
    "average teammate comp quali": -2.1914893617021276,
    "average driver standings position": 12.042553191489361,
    "average constructor standings position": 7.872340425531915
}