{
    "total races": 6,
    "wins": 0,
    "win percentage": 0.0,
    "average weekend score": 40.666666666666664,
    "average race position": 18.333333333333332,
    "points per weekend": 0.16666666666666666,
    "average quali position": 19.166666666666668,
    "average fp1 position": 10.0,
    "average fp2 position": 10.0,
    "average fp3 position": 10.0,
    "average fastest lap position": 10.0,
    "average rise/fall factor": 0.8333333333333334,
    "average teammate comp race": -1.5,
    "average teammate comp quali": -2.6666666666666665,
    "average driver standings position": 10.0,
    "average constructor standings position": 4.333333333333333,
    "normalisation factor": 1.791759469228055,
    "career score": 72.8648850819409
}