{
    "total races": 129,
    "wins": 4,
    "win percentage": 3.10077519379845,
    "average weekend score": 345.4108527131783,
    "average race position": 11.736434108527131,
    "points per weekend": 5.813953488372093,
    "average quali position": 9.720930232558139,
    "average fp1 position": 10.0,
    "average fp2 position": 10.0,
    "average fp3 position": 10.0,
    "average fastest lap position": 9.162790697674419,
    "average rise/fall factor": -2.0155038759689923,
    "average teammate comp race": 0.4186046511627907,
    "average teammate comp quali": -0.8914728682170543,
    "average driver standings position": 8.806201550387597,
    "average constructor standings position": 4.891472868217054,
    "normalisation factor": 4.859812404361672,
    "career score": 1678.6319466166465
}