{
    "total races": 129,
    "average weekend score": 287.27131782945736,
    "average race position": 11.736434108527131,
    "average quali position": 9.720930232558139,
    "average fp1 position": 10.0,
    "average fp2 position": 10.0,
    "average fp3 position": 10.0,
    "average fastest lap position": 9.162790697674419,
    "average rise/fall factor": -2.0155038759689923,
    "average teammate comp race": 0.4186046511627907,
    "average teammate comp quali": -0.8914728682170543,
    "average driver standings position": 8.806201550387597,
    "average constructor standings position": 4.891472868217054
}