{
    "total races": 18,
    "average weekend score": 72.33333333333333,
    "average race position": 18.22222222222222,
    "average quali position": 23.72222222222222,
    "average fp1 position": 10.0,
    "average fp2 position": 10.0,
    "average fp3 position": 10.0,
    "average fastest lap position": 16.666666666666668,
    "average rise/fall factor": 5.5,
    "average teammate comp race": 0.2222222222222222,
    "average teammate comp quali": -0.6666666666666666,
    "average driver standings position": 10.0,
    "average constructor standings position": 5.055555555555555
}