{
    "total races": 28,
    "average weekend score": 339.4642857142857,
    "average race position": 12.75,
    "average quali position": 11.5,
    "average fp1 position": 13.035714285714286,
    "average fp2 position": 12.107142857142858,
    "average fp3 position": 11.142857142857142,
    "average fastest lap position": 11.821428571428571,
    "average rise/fall factor": -1.25,
    "average teammate comp race": 1.6071428571428572,
    "average teammate comp quali": -1.3571428571428572,
    "average driver standings position": 13.071428571428571,
    "average constructor standings position": 7.785714285714286
}