{
    "total races": 122,
    "average weekend score": 429.5245901639344,
    "average race position": 10.21311475409836,
    "average quali position": 7.254098360655738,
    "average fp1 position": 8.163934426229508,
    "average fp2 position": 7.516393442622951,
    "average fp3 position": 10.0,
    "average fastest lap position": 6.89344262295082,
    "average rise/fall factor": -2.959016393442623,
    "average teammate comp race": 0.48360655737704916,
    "average teammate comp quali": 0.28688524590163933,
    "average driver standings position": 6.040983606557377,
    "average constructor standings position": 3.2868852459016393
}