{
    "total races": 83,
    "wins": 4,
    "win percentage": 4.819277108433735,
    "average weekend score": 320.28915662650604,
    "average race position": 12.819277108433734,
    "points per weekend": 5.433734939759036,
    "average quali position": 7.108433734939759,
    "average fp1 position": 10.0,
    "average fp2 position": 10.0,
    "average fp3 position": 10.0,
    "average fastest lap position": 9.349397590361447,
    "average rise/fall factor": -5.710843373493976,
    "average teammate comp race": -1.5301204819277108,
    "average teammate comp quali": 2.710843373493976,
    "average driver standings position": 8.710843373493976,
    "average constructor standings position": 4.614457831325301,
    "normalisation factor": 4.418840607796598,
    "career score": 1415.3067315381297
}