{
    "total races": 112,
    "average weekend score": 326.13392857142856,
    "average race position": 12.464285714285714,
    "average quali position": 11.919642857142858,
    "average fp1 position": 10.294642857142858,
    "average fp2 position": 10.910714285714286,
    "average fp3 position": 11.660714285714286,
    "average fastest lap position": 11.267857142857142,
    "average rise/fall factor": -0.5446428571428571,
    "average teammate comp race": -1.375,
    "average teammate comp quali": -1.2857142857142858,
    "average driver standings position": 12.776785714285714,
    "average constructor standings position": 6.098214285714286
}