{
    "total races": 257,
    "average weekend score": 425.8599221789883,
    "average race position": 10.43579766536965,
    "average quali position": 9.778210116731518,
    "average fp1 position": 9.84046692607004,
    "average fp2 position": 10.182879377431906,
    "average fp3 position": 10.544747081712062,
    "average fastest lap position": 10.007782101167315,
    "average rise/fall factor": -0.6575875486381323,
    "average teammate comp race": 0.019455252918287938,
    "average teammate comp quali": 0.19066147859922178,
    "average driver standings position": 10.023346303501945,
    "average constructor standings position": 5.0778210116731515
}