{
    "total races": 15,
    "average weekend score": 119.2,
    "average race position": 15.266666666666667,
    "average quali position": 20.733333333333334,
    "average fp1 position": 10.0,
    "average fp2 position": 10.0,
    "average fp3 position": 10.0,
    "average fastest lap position": 18.333333333333332,
    "average rise/fall factor": 5.466666666666667,
    "average teammate comp race": -0.6666666666666666,
    "average teammate comp quali": -5.2,
    "average driver standings position": 13.133333333333333,
    "average constructor standings position": 5.933333333333334
}