{
    "total races": 14,
    "wins": 0,
    "win percentage": 0.0,
    "average weekend score": -193.0,
    "average race position": 18.928571428571427,
    "points per weekend": 0.0,
    "average quali position": 17.785714285714285,
    "average fp1 position": 10.0,
    "average fp2 position": 10.0,
    "average fp3 position": 10.0,
    "average fastest lap position": 10.0,
    "average rise/fall factor": -1.1428571428571428,
    "average teammate comp race": -13.071428571428571,
    "average teammate comp quali": -12.571428571428571,
    "average driver standings position": 10.0,
    "average constructor standings position": 2.7857142857142856,
    "normalisation factor": 2.6390573296152584,
    "career score": -509.3380646157449
}