{
    "total races": 11,
    "average weekend score": -127.45454545454545,
    "average race position": 16.818181818181817,
    "average quali position": 20.363636363636363,
    "average fp1 position": 10.0,
    "average fp2 position": 10.0,
    "average fp3 position": 10.0,
    "average fastest lap position": 10.0,
    "average rise/fall factor": 3.5454545454545454,
    "average teammate comp race": -9.454545454545455,
    "average teammate comp quali": -16.545454545454547,
    "average driver standings position": 10.0,
    "average constructor standings position": 2.3636363636363638
}