{
    "total races": 11,
    "wins": 0,
    "win percentage": 0.0,
    "average weekend score": -124.72727272727273,
    "average race position": 16.818181818181817,
    "points per weekend": 0.2727272727272727,
    "average quali position": 20.363636363636363,
    "average fp1 position": 10.0,
    "average fp2 position": 10.0,
    "average fp3 position": 10.0,
    "average fastest lap position": 10.0,
    "average rise/fall factor": 3.5454545454545454,
    "average teammate comp race": -9.454545454545455,
    "average teammate comp quali": -16.545454545454547,
    "average driver standings position": 10.0,
    "average constructor standings position": 2.3636363636363638,
    "normalisation factor": 2.3978952727983707,
    "career score": -299.0829376617604
}