{
    "total races": 7,
    "average weekend score": 208.57142857142858,
    "average race position": 10.428571428571429,
    "average quali position": 18.142857142857142,
    "average fp1 position": 10.0,
    "average fp2 position": 10.0,
    "average fp3 position": 10.0,
    "average fastest lap position": 10.0,
    "average rise/fall factor": 7.714285714285714,
    "average teammate comp race": -0.14285714285714285,
    "average teammate comp quali": -11.428571428571429,
    "average driver standings position": 10.0,
    "average constructor standings position": 4.714285714285714
}