{
    "total races": 247,
    "average weekend score": 411.84615384615387,
    "average race position": 10.303643724696355,
    "average quali position": 7.700404858299595,
    "average fp1 position": 8.295546558704453,
    "average fp2 position": 7.77327935222672,
    "average fp3 position": 10.178137651821862,
    "average fastest lap position": 7.906882591093117,
    "average rise/fall factor": -2.603238866396761,
    "average teammate comp race": -0.4331983805668016,
    "average teammate comp quali": -1.319838056680162,
    "average driver standings position": 7.238866396761134,
    "average constructor standings position": 3.7408906882591095
}