{
    "total races": 11,
    "wins": 0,
    "win percentage": 0.0,
    "average weekend score": 36.90909090909091,
    "average race position": 17.363636363636363,
    "points per weekend": 0.18181818181818182,
    "average quali position": 22.181818181818183,
    "average fp1 position": 10.0,
    "average fp2 position": 10.0,
    "average fp3 position": 10.0,
    "average fastest lap position": 10.0,
    "average rise/fall factor": 4.818181818181818,
    "average teammate comp race": -1.7272727272727273,
    "average teammate comp quali": -5.454545454545454,
    "average driver standings position": 10.0,
    "average constructor standings position": 5.636363636363637,
    "normalisation factor": 2.3978952727983707,
    "career score": 88.5041346141944
}