{
    "total races": 11,
    "average weekend score": 35.09090909090909,
    "average race position": 17.363636363636363,
    "average quali position": 22.181818181818183,
    "average fp1 position": 10.0,
    "average fp2 position": 10.0,
    "average fp3 position": 10.0,
    "average fastest lap position": 10.0,
    "average rise/fall factor": 4.818181818181818,
    "average teammate comp race": -1.7272727272727273,
    "average teammate comp quali": -5.454545454545454,
    "average driver standings position": 10.0,
    "average constructor standings position": 5.636363636363637
}