{
    "total races": 162,
    "average weekend score": 249.8148148148148,
    "average race position": 14.91358024691358,
    "average quali position": 13.148148148148149,
    "average fp1 position": 11.617283950617283,
    "average fp2 position": 11.475308641975309,
    "average fp3 position": 10.0,
    "average fastest lap position": 11.777777777777779,
    "average rise/fall factor": -1.7654320987654322,
    "average teammate comp race": 0.7469135802469136,
    "average teammate comp quali": 2.1049382716049383,
    "average driver standings position": 10.475308641975309,
    "average constructor standings position": 5.895061728395062
}