{
    "total races": 72,
    "average weekend score": 292.25,
    "average race position": 11.541666666666666,
    "average quali position": 9.902777777777779,
    "average fp1 position": 10.0,
    "average fp2 position": 10.0,
    "average fp3 position": 10.0,
    "average fastest lap position": 9.375,
    "average rise/fall factor": -1.6388888888888888,
    "average teammate comp race": 0.3611111111111111,
    "average teammate comp quali": -0.5833333333333334,
    "average driver standings position": 8.958333333333334,
    "average constructor standings position": 3.763888888888889
}