{
    "total races": 7,
    "average weekend score": 75.71428571428571,
    "average race position": 17.571428571428573,
    "average quali position": 23.285714285714285,
    "average fp1 position": 18.857142857142858,
    "average fp2 position": 22.571428571428573,
    "average fp3 position": 10.0,
    "average fastest lap position": 20.285714285714285,
    "average rise/fall factor": 5.714285714285714,
    "average teammate comp race": 1.2857142857142858,
    "average teammate comp quali": -3.142857142857143,
    "average driver standings position": 10.0,
    "average constructor standings position": 5.0
}