{
    "total races": 7,
    "wins": 0,
    "win percentage": 0.0,
    "average weekend score": 78.57142857142857,
    "average race position": 17.571428571428573,
    "points per weekend": 0.2857142857142857,
    "average quali position": 23.285714285714285,
    "average fp1 position": 18.857142857142858,
    "average fp2 position": 22.571428571428573,
    "average fp3 position": 10.0,
    "average fastest lap position": 20.285714285714285,
    "average rise/fall factor": 5.714285714285714,
    "average teammate comp race": 1.2857142857142858,
    "average teammate comp quali": -3.142857142857143,
    "average driver standings position": 10.0,
    "average constructor standings position": 5.0,
    "normalisation factor": 1.9459101490553132,
    "career score": 152.89294028291746
}