{
    "total races": 147,
    "wins": 4,
    "win percentage": 2.7210884353741496,
    "average weekend score": 395.5578231292517,
    "average race position": 11.850340136054422,
    "points per weekend": 5.374149659863946,
    "average quali position": 9.29251700680272,
    "average fp1 position": 9.10204081632653,
    "average fp2 position": 10.034013605442176,
    "average fp3 position": 10.0,
    "average fastest lap position": 9.54421768707483,
    "average rise/fall factor": -2.557823129251701,
    "average teammate comp race": -0.8163265306122449,
    "average teammate comp quali": -0.6190476190476191,
    "average driver standings position": 9.510204081632653,
    "average constructor standings position": 4.537414965986395,
    "normalisation factor": 4.990432586778736,
    "career score": 1974.0046504994773
}