{
    "total races": 143,
    "average weekend score": 180.7762237762238,
    "average race position": 15.335664335664335,
    "average quali position": 15.531468531468532,
    "average fp1 position": 11.111888111888112,
    "average fp2 position": 11.097902097902098,
    "average fp3 position": 10.0,
    "average fastest lap position": 11.104895104895105,
    "average rise/fall factor": 0.1958041958041958,
    "average teammate comp race": -0.4755244755244755,
    "average teammate comp quali": -1.3006993006993006,
    "average driver standings position": 10.468531468531468,
    "average constructor standings position": 5.713286713286713
}