{
    "total races": 147,
    "average weekend score": 341.81632653061223,
    "average race position": 11.850340136054422,
    "average quali position": 9.29251700680272,
    "average fp1 position": 9.10204081632653,
    "average fp2 position": 10.034013605442176,
    "average fp3 position": 10.0,
    "average fastest lap position": 9.54421768707483,
    "average rise/fall factor": -2.557823129251701,
    "average teammate comp race": -0.8163265306122449,
    "average teammate comp quali": -0.6190476190476191,
    "average driver standings position": 9.510204081632653,
    "average constructor standings position": 4.537414965986395
}