{
    "total races": 109,
    "wins": 2,
    "win percentage": 1.834862385321101,
    "average weekend score": 368.4403669724771,
    "average race position": 12.311926605504587,
    "points per weekend": 5.091743119266055,
    "average quali position": 11.229357798165138,
    "average fp1 position": 10.0,
    "average fp2 position": 10.0,
    "average fp3 position": 10.0,
    "average fastest lap position": 10.18348623853211,
    "average rise/fall factor": -1.0825688073394495,
    "average teammate comp race": 2.18348623853211,
    "average teammate comp quali": 1.18348623853211,
    "average driver standings position": 7.697247706422019,
    "average constructor standings position": 5.238532110091743,
    "normalisation factor": 4.6913478822291435,
    "career score": 1728.481935324059
}