{
    "total races": 37,
    "wins": 0,
    "win percentage": 0.0,
    "average weekend score": 70.37837837837837,
    "average race position": 17.945945945945947,
    "points per weekend": 0.5945945945945946,
    "average quali position": 24.135135135135137,
    "average fp1 position": 10.0,
    "average fp2 position": 10.0,
    "average fp3 position": 10.0,
    "average fastest lap position": 10.783783783783784,
    "average rise/fall factor": 6.1891891891891895,
    "average teammate comp race": 0.918918918918919,
    "average teammate comp quali": -3.135135135135135,
    "average driver standings position": 14.513513513513514,
    "average constructor standings position": 8.378378378378379,
    "normalisation factor": 3.6109179126442243,
    "career score": 254.13054714933944
}