{
    "total races": 37,
    "average weekend score": 64.43243243243244,
    "average race position": 17.945945945945947,
    "average quali position": 24.135135135135137,
    "average fp1 position": 10.0,
    "average fp2 position": 10.0,
    "average fp3 position": 10.0,
    "average fastest lap position": 10.783783783783784,
    "average rise/fall factor": 6.1891891891891895,
    "average teammate comp race": 0.918918918918919,
    "average teammate comp quali": -3.135135135135135,
    "average driver standings position": 14.513513513513514,
    "average constructor standings position": 8.378378378378379
}