{
    "total races": 6,
    "average weekend score": 97.16666666666667,
    "average race position": 16.0,
    "average quali position": 23.333333333333332,
    "average fp1 position": 20.166666666666668,
    "average fp2 position": 18.666666666666668,
    "average fp3 position": 10.0,
    "average fastest lap position": 19.333333333333332,
    "average rise/fall factor": 7.333333333333333,
    "average teammate comp race": -1.6666666666666667,
    "average teammate comp quali": -3.3333333333333335,
    "average driver standings position": 10.0,
    "average constructor standings position": 8.333333333333334
}