{
    "total races": 139,
    "average weekend score": 371.45323741007195,
    "average race position": 10.985611510791367,
    "average quali position": 12.366906474820144,
    "average fp1 position": 10.0,
    "average fp2 position": 10.0,
    "average fp3 position": 10.0,
    "average fastest lap position": 9.676258992805755,
    "average rise/fall factor": 1.381294964028777,
    "average teammate comp race": 4.014388489208633,
    "average teammate comp quali": 2.841726618705036,
    "average driver standings position": 7.762589928057554,
    "average constructor standings position": 4.9496402877697845
}