{
    "total races": 139,
    "wins": 14,
    "win percentage": 10.071942446043165,
    "average weekend score": 439.58273381294964,
    "average race position": 10.985611510791367,
    "points per weekend": 6.81294964028777,
    "average quali position": 12.366906474820144,
    "average fp1 position": 10.0,
    "average fp2 position": 10.0,
    "average fp3 position": 10.0,
    "average fastest lap position": 9.676258992805755,
    "average rise/fall factor": 1.381294964028777,
    "average teammate comp race": 4.014388489208633,
    "average teammate comp quali": 2.841726618705036,
    "average driver standings position": 7.762589928057554,
    "average constructor standings position": 4.9496402877697845,
    "normalisation factor": 4.9344739331306915,
    "career score": 2169.1095414543274
}