{
    "total races": 14,
    "average weekend score": -209.14285714285714,
    "average race position": 19.285714285714285,
    "average quali position": 25.571428571428573,
    "average fp1 position": 10.0,
    "average fp2 position": 10.0,
    "average fp3 position": 10.0,
    "average fastest lap position": 10.0,
    "average rise/fall factor": 6.285714285714286,
    "average teammate comp race": -10.714285714285714,
    "average teammate comp quali": -14.928571428571429,
    "average driver standings position": 10.0,
    "average constructor standings position": 4.714285714285714
}