{
    "total races": 29,
    "average weekend score": 85.13793103448276,
    "average race position": 17.310344827586206,
    "average quali position": 18.103448275862068,
    "average fp1 position": 16.344827586206897,
    "average fp2 position": 16.24137931034483,
    "average fp3 position": 10.0,
    "average fastest lap position": 16.586206896551722,
    "average rise/fall factor": 0.7931034482758621,
    "average teammate comp race": -3.4482758620689653,
    "average teammate comp quali": -1.5172413793103448,
    "average driver standings position": 17.620689655172413,
    "average constructor standings position": 9.275862068965518
}