{
    "total races": 29,
    "average weekend score": 25.275862068965516,
    "average race position": 19.03448275862069,
    "average quali position": 25.482758620689655,
    "average fp1 position": 21.896551724137932,
    "average fp2 position": 21.482758620689655,
    "average fp3 position": 10.0,
    "average fastest lap position": 11.03448275862069,
    "average rise/fall factor": 6.448275862068965,
    "average teammate comp race": 0.10344827586206896,
    "average teammate comp quali": -1.4827586206896552,
    "average driver standings position": 10.0,
    "average constructor standings position": 5.0
}