{
    "total races": 29,
    "wins": 0,
    "win percentage": 0.0,
    "average weekend score": 26.310344827586206,
    "average race position": 19.03448275862069,
    "points per weekend": 0.10344827586206896,
    "average quali position": 25.482758620689655,
    "average fp1 position": 21.896551724137932,
    "average fp2 position": 21.482758620689655,
    "average fp3 position": 10.0,
    "average fastest lap position": 11.03448275862069,
    "average rise/fall factor": 6.448275862068965,
    "average teammate comp race": 0.10344827586206896,
    "average teammate comp quali": -1.4827586206896552,
    "average driver standings position": 10.0,
    "average constructor standings position": 5.0,
    "normalisation factor": 3.367295829986474,
    "career score": 88.59471442343724
}