{
    "total races": 3,
    "average weekend score": -167.33333333333334,
    "average race position": 16.666666666666668,
    "average quali position": 16.666666666666668,
    "average fp1 position": 10.0,
    "average fp2 position": 10.0,
    "average fp3 position": 10.0,
    "average fastest lap position": 10.0,
    "average rise/fall factor": 0.0,
    "average teammate comp race": -14.333333333333334,
    "average teammate comp quali": -15.666666666666666,
    "average driver standings position": 10.0,
    "average constructor standings position": 1.3333333333333333
}