{
    "total races": 59,
    "average weekend score": 203.88135593220338,
    "average race position": 15.288135593220339,
    "average quali position": 14.983050847457626,
    "average fp1 position": 13.59322033898305,
    "average fp2 position": 15.23728813559322,
    "average fp3 position": 14.372881355932204,
    "average fastest lap position": 13.508474576271187,
    "average rise/fall factor": -0.3050847457627119,
    "average teammate comp race": -1.4745762711864407,
    "average teammate comp quali": -2.1864406779661016,
    "average driver standings position": 18.050847457627118,
    "average constructor standings position": 8.135593220338983
}