{
    "total races": 156,
    "average weekend score": 352.25,
    "average race position": 11.5,
    "average quali position": 11.64102564102564,
    "average fp1 position": 11.673076923076923,
    "average fp2 position": 10.794871794871796,
    "average fp3 position": 11.935897435897436,
    "average fastest lap position": 12.570512820512821,
    "average rise/fall factor": 0.14102564102564102,
    "average teammate comp race": -0.6794871794871795,
    "average teammate comp quali": -0.7243589743589743,
    "average driver standings position": 12.14102564102564,
    "average constructor standings position": 6.134615384615385
}