{
    "total races": 271,
    "average weekend score": 446.21771217712177,
    "average race position": 9.236162361623617,
    "average quali position": 8.468634686346864,
    "average fp1 position": 9.804428044280442,
    "average fp2 position": 8.959409594095941,
    "average fp3 position": 8.398523985239853,
    "average fastest lap position": 8.48339483394834,
    "average rise/fall factor": -0.7675276752767528,
    "average teammate comp race": -1.6531365313653137,
    "average teammate comp quali": -0.8745387453874539,
    "average driver standings position": 8.162361623616237,
    "average constructor standings position": 3.7306273062730626
}