{
    "total races": 404,
    "wins": 32,
    "win percentage": 7.920792079207921,
    "average weekend score": 609.8391089108911,
    "average race position": 8.80940594059406,
    "points per weekend": 7.905940594059406,
    "average quali position": 8.584158415841584,
    "average fp1 position": 9.779702970297029,
    "average fp2 position": 7.868811881188119,
    "average fp3 position": 8.628712871287128,
    "average fastest lap position": 8.002475247524753,
    "average rise/fall factor": -0.22524752475247525,
    "average teammate comp race": 2.126237623762376,
    "average teammate comp quali": 2.277227722772277,
    "average driver standings position": 7.26980198019802,
    "average constructor standings position": 4.732673267326732,
    "normalisation factor": 6.0014148779611505,
    "career score": 3659.8975013803924
}