{
    "total races": 9,
    "average weekend score": -98.88888888888889,
    "average race position": 16.77777777777778,
    "average quali position": 16.0,
    "average fp1 position": 10.0,
    "average fp2 position": 10.0,
    "average fp3 position": 10.0,
    "average fastest lap position": 10.0,
    "average rise/fall factor": -0.7777777777777778,
    "average teammate comp race": -12.333333333333334,
    "average teammate comp quali": -9.88888888888889,
    "average driver standings position": 10.0,
    "average constructor standings position": 4.444444444444445
}