{
    "total races": 7,
    "average weekend score": 49.142857142857146,
    "average race position": 18.571428571428573,
    "average quali position": 21.285714285714285,
    "average fp1 position": 15.857142857142858,
    "average fp2 position": 27.714285714285715,
    "average fp3 position": 21.285714285714285,
    "average fastest lap position": 19.0,
    "average rise/fall factor": 2.7142857142857144,
    "average teammate comp race": -0.14285714285714285,
    "average teammate comp quali": -1.1428571428571428,
    "average driver standings position": 19.428571428571427,
    "average constructor standings position": 11.0
}