{
    "total races": 9,
    "average weekend score": 263.77777777777777,
    "average race position": 14.11111111111111,
    "average quali position": 15.777777777777779,
    "average fp1 position": 14.444444444444445,
    "average fp2 position": 14.444444444444445,
    "average fp3 position": 10.88888888888889,
    "average fastest lap position": 11.666666666666666,
    "average rise/fall factor": 1.6666666666666667,
    "average teammate comp race": 1.2222222222222223,
    "average teammate comp quali": -3.3333333333333335,
    "average driver standings position": 19.0,
    "average constructor standings position": 8.555555555555555
}