{
    "total races": 48,
    "wins": 1,
    "win percentage": 2.083333333333333,
    "average weekend score": 288.8333333333333,
    "average race position": 10.958333333333334,
    "points per weekend": 6.75,
    "average quali position": 8.791666666666666,
    "average fp1 position": 10.0,
    "average fp2 position": 10.0,
    "average fp3 position": 10.0,
    "average fastest lap position": 9.625,
    "average rise/fall factor": -2.1666666666666665,
    "average teammate comp race": -4.479166666666667,
    "average teammate comp quali": -4.229166666666667,
    "average driver standings position": 7.854166666666667,
    "average constructor standings position": 1.9583333333333333,
    "normalisation factor": 3.871201010907891,
    "career score": 1118.131891983896
}