{
    "total races": 78,
    "wins": 0,
    "win percentage": 0.0,
    "average weekend score": 92.41025641025641,
    "average race position": 18.44871794871795,
    "points per weekend": 0.3333333333333333,
    "average quali position": 21.94871794871795,
    "average fp1 position": 18.628205128205128,
    "average fp2 position": 17.743589743589745,
    "average fp3 position": 10.0,
    "average fastest lap position": 13.820512820512821,
    "average rise/fall factor": 3.5,
    "average teammate comp race": 1.0128205128205128,
    "average teammate comp quali": 0.5769230769230769,
    "average driver standings position": 12.025641025641026,
    "average constructor standings position": 6.551282051282051,
    "normalisation factor": 4.356708826689592,
    "career score": 402.60457977921254
}