{
    "total races": 78,
    "average weekend score": 89.07692307692308,
    "average race position": 18.44871794871795,
    "average quali position": 21.94871794871795,
    "average fp1 position": 18.628205128205128,
    "average fp2 position": 17.743589743589745,
    "average fp3 position": 10.0,
    "average fastest lap position": 13.820512820512821,
    "average rise/fall factor": 3.5,
    "average teammate comp race": 1.0128205128205128,
    "average teammate comp quali": 0.5769230769230769,
    "average driver standings position": 12.025641025641026,
    "average constructor standings position": 6.551282051282051
}