{
    "total races": 12,
    "wins": 0,
    "win percentage": 0.0,
    "average weekend score": 54.333333333333336,
    "average race position": 17.666666666666668,
    "points per weekend": 0.5,
    "average quali position": 24.666666666666668,
    "average fp1 position": 10.0,
    "average fp2 position": 10.0,
    "average fp3 position": 10.0,
    "average fastest lap position": 10.0,
    "average rise/fall factor": 7.0,
    "average teammate comp race": -0.16666666666666666,
    "average teammate comp quali": -4.333333333333333,
    "average driver standings position": 10.0,
    "average constructor standings position": 4.666666666666667,
    "normalisation factor": 2.4849066497880004,
    "career score": 135.01326130514803
}