{
    "total races": 12,
    "average weekend score": 49.333333333333336,
    "average race position": 17.666666666666668,
    "average quali position": 24.666666666666668,
    "average fp1 position": 10.0,
    "average fp2 position": 10.0,
    "average fp3 position": 10.0,
    "average fastest lap position": 10.0,
    "average rise/fall factor": 7.0,
    "average teammate comp race": -0.16666666666666666,
    "average teammate comp quali": -4.333333333333333,
    "average driver standings position": 10.0,
    "average constructor standings position": 4.666666666666667
}