{
    "total races": 13,
    "wins": 0,
    "win percentage": 0.0,
    "average weekend score": 167.84615384615384,
    "average race position": 14.923076923076923,
    "points per weekend": 1.9230769230769231,
    "average quali position": 19.153846153846153,
    "average fp1 position": 10.0,
    "average fp2 position": 10.0,
    "average fp3 position": 10.0,
    "average fastest lap position": 10.0,
    "average rise/fall factor": 4.230769230769231,
    "average teammate comp race": -0.7692307692307693,
    "average teammate comp quali": -2.0,
    "average driver standings position": 10.307692307692308,
    "average constructor standings position": 6.846153846153846,
    "normalisation factor": 2.5649493574615367,
    "career score": 430.5168844600825
}