{
    "total races": 13,
    "average weekend score": 148.6153846153846,
    "average race position": 14.923076923076923,
    "average quali position": 19.153846153846153,
    "average fp1 position": 10.0,
    "average fp2 position": 10.0,
    "average fp3 position": 10.0,
    "average fastest lap position": 10.0,
    "average rise/fall factor": 4.230769230769231,
    "average teammate comp race": -0.7692307692307693,
    "average teammate comp quali": -2.0,
    "average driver standings position": 10.307692307692308,
    "average constructor standings position": 6.846153846153846
}