{
    "total races": 13,
    "wins": 0,
    "win percentage": 0.0,
    "average weekend score": -72.76923076923077,
    "average race position": 17.53846153846154,
    "points per weekend": 0.07692307692307693,
    "average quali position": 18.692307692307693,
    "average fp1 position": 10.0,
    "average fp2 position": 10.0,
    "average fp3 position": 10.0,
    "average fastest lap position": 10.0,
    "average rise/fall factor": 1.1538461538461537,
    "average teammate comp race": -7.3076923076923075,
    "average teammate comp quali": -10.923076923076923,
    "average driver standings position": 10.0,
    "average constructor standings position": 5.846153846153846,
    "normalisation factor": 2.5649493574615367,
    "career score": -186.64939170450876
}