{
    "total races": 210,
    "average weekend score": 382.4428571428571,
    "average race position": 11.242857142857142,
    "average quali position": 6.3428571428571425,
    "average fp1 position": 6.866666666666666,
    "average fp2 position": 7.928571428571429,
    "average fp3 position": 10.0,
    "average fastest lap position": 7.8619047619047615,
    "average rise/fall factor": -4.9,
    "average teammate comp race": -0.20952380952380953,
    "average teammate comp quali": -0.1523809523809524,
    "average driver standings position": 6.304761904761905,
    "average constructor standings position": 3.2904761904761903
}