{
    "total races": 3,
    "wins": 0,
    "win percentage": 0.0,
    "average weekend score": -138.66666666666666,
    "average race position": 16.333333333333332,
    "points per weekend": 0.6666666666666666,
    "average quali position": 21.0,
    "average fp1 position": 10.0,
    "average fp2 position": 10.0,
    "average fp3 position": 10.0,
    "average fastest lap position": 10.0,
    "average rise/fall factor": 4.666666666666667,
    "average teammate comp race": -10.333333333333334,
    "average teammate comp quali": -19.0,
    "average driver standings position": 10.0,
    "average constructor standings position": 3.3333333333333335,
    "normalisation factor": 1.0986122886681098,
    "career score": -152.34090402864456
}