{
    "total races": 231,
    "wins": 3,
    "win percentage": 1.2987012987012987,
    "average weekend score": 409.24675324675326,
    "average race position": 11.705627705627705,
    "points per weekend": 4.077922077922078,
    "average quali position": 11.41125541125541,
    "average fp1 position": 12.922077922077921,
    "average fp2 position": 11.19047619047619,
    "average fp3 position": 10.606060606060606,
    "average fastest lap position": 10.61038961038961,
    "average rise/fall factor": -0.2943722943722944,
    "average teammate comp race": 0.12554112554112554,
    "average teammate comp quali": 0.8701298701298701,
    "average driver standings position": 9.683982683982684,
    "average constructor standings position": 5.238095238095238,
    "normalisation factor": 5.442417710521793,
    "career score": 2227.291777843672
}