{
    "total races": 231,
    "average weekend score": 368.46753246753246,
    "average race position": 11.705627705627705,
    "average quali position": 11.41125541125541,
    "average fp1 position": 12.922077922077921,
    "average fp2 position": 11.19047619047619,
    "average fp3 position": 10.606060606060606,
    "average fastest lap position": 10.61038961038961,
    "average rise/fall factor": -0.2943722943722944,
    "average teammate comp race": 0.12554112554112554,
    "average teammate comp quali": 0.8701298701298701,
    "average driver standings position": 9.683982683982684,
    "average constructor standings position": 5.238095238095238
}