{
    "total races": 21,
    "average weekend score": 31.333333333333332,
    "average race position": 14.285714285714286,
    "average quali position": 16.571428571428573,
    "average fp1 position": 10.0,
    "average fp2 position": 10.0,
    "average fp3 position": 10.0,
    "average fastest lap position": 9.571428571428571,
    "average rise/fall factor": 2.2857142857142856,
    "average teammate comp race": -7.476190476190476,
    "average teammate comp quali": -9.952380952380953,
    "average driver standings position": 9.095238095238095,
    "average constructor standings position": 3.0476190476190474
}