{
    "total races": 21,
    "wins": 1,
    "win percentage": 4.761904761904762,
    "average weekend score": 61.80952380952381,
    "average race position": 14.285714285714286,
    "points per weekend": 3.0476190476190474,
    "average quali position": 16.571428571428573,
    "average fp1 position": 10.0,
    "average fp2 position": 10.0,
    "average fp3 position": 10.0,
    "average fastest lap position": 9.571428571428571,
    "average rise/fall factor": 2.2857142857142856,
    "average teammate comp race": -7.476190476190476,
    "average teammate comp quali": -9.952380952380953,
    "average driver standings position": 9.095238095238095,
    "average constructor standings position": 3.0476190476190474,
    "normalisation factor": 3.044522437723423,
    "career score": 188.1804821030954
}