{
    "total races": 18,
    "wins": 0,
    "win percentage": 0.0,
    "average weekend score": 81.27777777777777,
    "average race position": 17.944444444444443,
    "points per weekend": 0.0,
    "average quali position": 18.666666666666668,
    "average fp1 position": 21.555555555555557,
    "average fp2 position": 21.88888888888889,
    "average fp3 position": 16.555555555555557,
    "average fastest lap position": 17.944444444444443,
    "average rise/fall factor": 0.7222222222222222,
    "average teammate comp race": -1.7777777777777777,
    "average teammate comp quali": -0.05555555555555555,
    "average driver standings position": 20.77777777777778,
    "average constructor standings position": 9.722222222222221,
    "normalisation factor": 2.8903717578961645,
    "career score": 234.92299343344936
}