{
    "total races": 162,
    "average weekend score": 274.2962962962963,
    "average race position": 11.450617283950617,
    "average quali position": 10.148148148148149,
    "average fp1 position": 10.0,
    "average fp2 position": 10.0,
    "average fp3 position": 10.0,
    "average fastest lap position": 9.444444444444445,
    "average rise/fall factor": -1.3024691358024691,
    "average teammate comp race": -0.9320987654320988,
    "average teammate comp quali": -1.0679012345679013,
    "average driver standings position": 7.7407407407407405,
    "average constructor standings position": 4.1234567901234565
}