{
    "total races": 28,
    "wins": 1,
    "win percentage": 3.571428571428571,
    "average weekend score": 203.71428571428572,
    "average race position": 13.535714285714286,
    "points per weekend": 4.464285714285714,
    "average quali position": 11.178571428571429,
    "average fp1 position": 10.0,
    "average fp2 position": 10.0,
    "average fp3 position": 10.0,
    "average fastest lap position": 9.678571428571429,
    "average rise/fall factor": -2.357142857142857,
    "average teammate comp race": -2.3214285714285716,
    "average teammate comp quali": -5.571428571428571,
    "average driver standings position": 8.428571428571429,
    "average constructor standings position": 4.071428571428571,
    "normalisation factor": 3.332204510175204,
    "career score": 678.817661644263
}