{
    "total races": 13,
    "wins": 0,
    "win percentage": 0.0,
    "average weekend score": -60.15384615384615,
    "average race position": 15.23076923076923,
    "points per weekend": 0.6923076923076923,
    "average quali position": 17.46153846153846,
    "average fp1 position": 10.0,
    "average fp2 position": 10.0,
    "average fp3 position": 10.0,
    "average fastest lap position": 10.0,
    "average rise/fall factor": 2.230769230769231,
    "average teammate comp race": -10.76923076923077,
    "average teammate comp quali": -13.307692307692308,
    "average driver standings position": 13.076923076923077,
    "average constructor standings position": 2.5384615384615383,
    "normalisation factor": 2.5649493574615367,
    "career score": -154.29156904114782
}