{
    "total races": 13,
    "average weekend score": -67.07692307692308,
    "average race position": 15.23076923076923,
    "average quali position": 17.46153846153846,
    "average fp1 position": 10.0,
    "average fp2 position": 10.0,
    "average fp3 position": 10.0,
    "average fastest lap position": 10.0,
    "average rise/fall factor": 2.230769230769231,
    "average teammate comp race": -10.76923076923077,
    "average teammate comp quali": -13.307692307692308,
    "average driver standings position": 13.076923076923077,
    "average constructor standings position": 2.5384615384615383
}