{
    "total races": 74,
    "average weekend score": 143.86486486486487,
    "average race position": 15.891891891891891,
    "average quali position": 15.68918918918919,
    "average fp1 position": 10.0,
    "average fp2 position": 10.0,
    "average fp3 position": 10.0,
    "average fastest lap position": 10.0,
    "average rise/fall factor": -0.20270270270270271,
    "average teammate comp race": 0.20270270270270271,
    "average teammate comp quali": -1.527027027027027,
    "average driver standings position": 11.77027027027027,
    "average constructor standings position": 7.013513513513513
}