{
    "total races": 6,
    "wins": 0,
    "win percentage": 0.0,
    "average weekend score": 115.0,
    "average race position": 12.333333333333334,
    "points per weekend": 1.6666666666666667,
    "average quali position": 15.833333333333334,
    "average fp1 position": 10.0,
    "average fp2 position": 10.0,
    "average fp3 position": 10.0,
    "average fastest lap position": 10.0,
    "average rise/fall factor": 3.5,
    "average teammate comp race": -6.666666666666667,
    "average teammate comp quali": -9.333333333333334,
    "average driver standings position": 12.833333333333334,
    "average constructor standings position": 3.1666666666666665,
    "normalisation factor": 1.791759469228055,
    "career score": 206.05233896122633
}