{
    "total races": 15,
    "average weekend score": 73.46666666666667,
    "average race position": 16.133333333333333,
    "average quali position": 21.866666666666667,
    "average fp1 position": 10.0,
    "average fp2 position": 10.0,
    "average fp3 position": 10.0,
    "average fastest lap position": 10.0,
    "average rise/fall factor": 5.733333333333333,
    "average teammate comp race": -0.8666666666666667,
    "average teammate comp quali": -6.333333333333333,
    "average driver standings position": 10.0,
    "average constructor standings position": 8.066666666666666
}