{
    "total races": 6,
    "wins": 0,
    "win percentage": 0.0,
    "average weekend score": -20.0,
    "average race position": 13.5,
    "points per weekend": 1.1666666666666667,
    "average quali position": 17.166666666666668,
    "average fp1 position": 10.0,
    "average fp2 position": 10.0,
    "average fp3 position": 10.0,
    "average fastest lap position": 10.0,
    "average rise/fall factor": 3.6666666666666665,
    "average teammate comp race": -11.0,
    "average teammate comp quali": -14.666666666666666,
    "average driver standings position": 10.0,
    "average constructor standings position": 2.8333333333333335,
    "normalisation factor": 1.791759469228055,
    "career score": -35.8351893845611
}