{
    "total races": 22,
    "average weekend score": 106.9090909090909,
    "average race position": 16.227272727272727,
    "average quali position": 22.818181818181817,
    "average fp1 position": 10.0,
    "average fp2 position": 10.0,
    "average fp3 position": 10.0,
    "average fastest lap position": 10.0,
    "average rise/fall factor": 6.590909090909091,
    "average teammate comp race": 0.045454545454545456,
    "average teammate comp quali": -2.9545454545454546,
    "average driver standings position": 10.0,
    "average constructor standings position": 4.954545454545454
}