{
    "total races": 159,
    "wins": 3,
    "win percentage": 1.8867924528301887,
    "average weekend score": 441.62893081761007,
    "average race position": 11.861635220125786,
    "points per weekend": 4.943396226415095,
    "average quali position": 9.037735849056604,
    "average fp1 position": 9.534591194968554,
    "average fp2 position": 8.81132075471698,
    "average fp3 position": 10.20125786163522,
    "average fastest lap position": 9.383647798742139,
    "average rise/fall factor": -2.8238993710691824,
    "average teammate comp race": 1.4025157232704402,
    "average teammate comp quali": 1.9056603773584906,
    "average driver standings position": 8.930817610062894,
    "average constructor standings position": 5.352201257861635,
    "normalisation factor": 5.0689042022202315,
    "career score": 2238.5747432434114
}