{
    "total races": 159,
    "average weekend score": 392.1949685534591,
    "average race position": 11.861635220125786,
    "average quali position": 9.037735849056604,
    "average fp1 position": 9.534591194968554,
    "average fp2 position": 8.81132075471698,
    "average fp3 position": 10.20125786163522,
    "average fastest lap position": 9.383647798742139,
    "average rise/fall factor": -2.8238993710691824,
    "average teammate comp race": 1.4025157232704402,
    "average teammate comp quali": 1.9056603773584906,
    "average driver standings position": 8.930817610062894,
    "average constructor standings position": 5.352201257861635
}