{
    "total races": 41,
    "average weekend score": 144.4390243902439,
    "average race position": 14.097560975609756,
    "average quali position": 17.317073170731707,
    "average fp1 position": 10.0,
    "average fp2 position": 10.0,
    "average fp3 position": 10.0,
    "average fastest lap position": 10.0,
    "average rise/fall factor": 3.2195121951219514,
    "average teammate comp race": -1.9024390243902438,
    "average teammate comp quali": -4.170731707317073,
    "average driver standings position": 11.487804878048781,
    "average constructor standings position": 5.634146341463414
}