{
    "total races": 41,
    "wins": 0,
    "win percentage": 0.0,
    "average weekend score": 164.9268292682927,
    "average race position": 14.097560975609756,
    "points per weekend": 2.048780487804878,
    "average quali position": 17.317073170731707,
    "average fp1 position": 10.0,
    "average fp2 position": 10.0,
    "average fp3 position": 10.0,
    "average fastest lap position": 10.0,
    "average rise/fall factor": 3.2195121951219514,
    "average teammate comp race": -1.9024390243902438,
    "average teammate comp quali": -4.170731707317073,
    "average driver standings position": 11.487804878048781,
    "average constructor standings position": 5.634146341463414,
    "normalisation factor": 3.713572066704308,
    "career score": 612.4676662208423
}