{
    "total races": 58,
    "wins": 0,
    "win percentage": 0.0,
    "average weekend score": -69.93103448275862,
    "average race position": 16.724137931034484,
    "points per weekend": 1.3793103448275863,
    "average quali position": 19.93103448275862,
    "average fp1 position": 10.0,
    "average fp2 position": 10.0,
    "average fp3 position": 10.0,
    "average fastest lap position": 10.0,
    "average rise/fall factor": 3.206896551724138,
    "average teammate comp race": -8.224137931034482,
    "average teammate comp quali": -13.362068965517242,
    "average driver standings position": 11.517241379310345,
    "average constructor standings position": 2.5344827586206895,
    "normalisation factor": 4.060443010546419,
    "career score": -283.95098018579785
}