{
    "total races": 58,
    "average weekend score": -83.72413793103448,
    "average race position": 16.724137931034484,
    "average quali position": 19.93103448275862,
    "average fp1 position": 10.0,
    "average fp2 position": 10.0,
    "average fp3 position": 10.0,
    "average fastest lap position": 10.0,
    "average rise/fall factor": 3.206896551724138,
    "average teammate comp race": -8.224137931034482,
    "average teammate comp quali": -13.362068965517242,
    "average driver standings position": 11.517241379310345,
    "average constructor standings position": 2.5344827586206895
}