{
    "total races": 14,
    "wins": 0,
    "win percentage": 0.0,
    "average weekend score": -125.0,
    "average race position": 16.642857142857142,
    "points per weekend": 0.07142857142857142,
    "average quali position": 21.142857142857142,
    "average fp1 position": 10.0,
    "average fp2 position": 10.0,
    "average fp3 position": 10.0,
    "average fastest lap position": 10.0,
    "average rise/fall factor": 4.5,
    "average teammate comp race": -10.428571428571429,
    "average teammate comp quali": -15.285714285714286,
    "average driver standings position": 10.0,
    "average constructor standings position": 2.5,
    "normalisation factor": 2.6390573296152584,
    "career score": -329.8821662019073
}