{
    "total races": 7,
    "average weekend score": -109.14285714285714,
    "average race position": 18.714285714285715,
    "average quali position": 21.571428571428573,
    "average fp1 position": 10.0,
    "average fp2 position": 10.0,
    "average fp3 position": 10.0,
    "average fastest lap position": 10.0,
    "average rise/fall factor": 2.857142857142857,
    "average teammate comp race": -7.285714285714286,
    "average teammate comp quali": -10.571428571428571,
    "average driver standings position": 10.0,
    "average constructor standings position": 4.428571428571429
}