{
    "total races": 18,
    "average weekend score": -25.22222222222222,
    "average race position": 18.555555555555557,
    "average quali position": 20.61111111111111,
    "average fp1 position": 10.0,
    "average fp2 position": 10.0,
    "average fp3 position": 10.0,
    "average fastest lap position": 10.0,
    "average rise/fall factor": 2.0555555555555554,
    "average teammate comp race": -6.277777777777778,
    "average teammate comp quali": -2.388888888888889,
    "average driver standings position": 10.0,
    "average constructor standings position": 5.0
}