{
    "total races": 47,
    "average weekend score": 147.0212765957447,
    "average race position": 13.404255319148936,
    "average quali position": 10.382978723404255,
    "average fp1 position": 10.0,
    "average fp2 position": 10.0,
    "average fp3 position": 10.0,
    "average fastest lap position": 9.808510638297872,
    "average rise/fall factor": -3.021276595744681,
    "average teammate comp race": -5.0,
    "average teammate comp quali": -3.574468085106383,
    "average driver standings position": 9.361702127659575,
    "average constructor standings position": 3.0851063829787235
}