{
    "total races": 98,
    "average weekend score": 166.3673469387755,
    "average race position": 16.489795918367346,
    "average quali position": 15.551020408163266,
    "average fp1 position": 15.36734693877551,
    "average fp2 position": 15.428571428571429,
    "average fp3 position": 10.0,
    "average fastest lap position": 14.846938775510203,
    "average rise/fall factor": -0.9387755102040817,
    "average teammate comp race": 0.05102040816326531,
    "average teammate comp quali": -0.3673469387755102,
    "average driver standings position": 11.83673469387755,
    "average constructor standings position": 7.020408163265306
}