{
    "total races": 116,
    "average weekend score": 271.1551724137931,
    "average race position": 12.112068965517242,
    "average quali position": 10.129310344827585,
    "average fp1 position": 10.0,
    "average fp2 position": 10.0,
    "average fp3 position": 10.0,
    "average fastest lap position": 8.913793103448276,
    "average rise/fall factor": -1.9827586206896552,
    "average teammate comp race": -0.25862068965517243,
    "average teammate comp quali": -0.75,
    "average driver standings position": 7.931034482758621,
    "average constructor standings position": 4.241379310344827
}