{
    "total races": 52,
    "wins": 0,
    "win percentage": 0.0,
    "average weekend score": 90.26923076923077,
    "average race position": 16.173076923076923,
    "points per weekend": 1.8461538461538463,
    "average quali position": 13.903846153846153,
    "average fp1 position": 10.0,
    "average fp2 position": 10.0,
    "average fp3 position": 10.0,
    "average fastest lap position": 9.826923076923077,
    "average rise/fall factor": -2.269230769230769,
    "average teammate comp race": -4.423076923076923,
    "average teammate comp quali": -3.25,
    "average driver standings position": 12.596153846153847,
    "average constructor standings position": 5.269230769230769,
    "normalisation factor": 3.9512437185814275,
    "career score": 356.67573105810044
}