{
    "total races": 52,
    "average weekend score": 71.8076923076923,
    "average race position": 16.173076923076923,
    "average quali position": 13.903846153846153,
    "average fp1 position": 10.0,
    "average fp2 position": 10.0,
    "average fp3 position": 10.0,
    "average fastest lap position": 9.826923076923077,
    "average rise/fall factor": -2.269230769230769,
    "average teammate comp race": -4.423076923076923,
    "average teammate comp quali": -3.25,
    "average driver standings position": 12.596153846153847,
    "average constructor standings position": 5.269230769230769
}