{
    "total races": 104,
    "average weekend score": 273.59615384615387,
    "average race position": 11.365384615384615,
    "average quali position": 6.721153846153846,
    "average fp1 position": 10.0,
    "average fp2 position": 10.0,
    "average fp3 position": 10.0,
    "average fastest lap position": 9.048076923076923,
    "average rise/fall factor": -4.644230769230769,
    "average teammate comp race": -3.0865384615384617,
    "average teammate comp quali": 0.4807692307692308,
    "average driver standings position": 7.586538461538462,
    "average constructor standings position": 3.480769230769231
}