{
    "total races": 170,
    "wins": 6,
    "win percentage": 3.5294117647058822,
    "average weekend score": 371.8588235294118,
    "average race position": 12.6,
    "points per weekend": 5.123529411764705,
    "average quali position": 11.652941176470588,
    "average fp1 position": 10.0,
    "average fp2 position": 10.0,
    "average fp3 position": 10.0,
    "average fastest lap position": 10.18235294117647,
    "average rise/fall factor": -0.9470588235294117,
    "average teammate comp race": 2.8529411764705883,
    "average teammate comp quali": 2.276470588235294,
    "average driver standings position": 8.647058823529411,
    "average constructor standings position": 5.158823529411765,
    "normalisation factor": 5.135798437050262,
    "career score": 1909.7919646857022
}