{
    "total races": 170,
    "average weekend score": 320.6235294117647,
    "average race position": 12.6,
    "average quali position": 11.652941176470588,
    "average fp1 position": 10.0,
    "average fp2 position": 10.0,
    "average fp3 position": 10.0,
    "average fastest lap position": 10.18235294117647,
    "average rise/fall factor": -0.9470588235294117,
    "average teammate comp race": 2.8529411764705883,
    "average teammate comp quali": 2.276470588235294,
    "average driver standings position": 8.647058823529411,
    "average constructor standings position": 5.158823529411765
}