{
    "total races": 165,
    "average weekend score": 382.8787878787879,
    "average race position": 11.521212121212121,
    "average quali position": 8.987878787878788,
    "average fp1 position": 11.521212121212121,
    "average fp2 position": 10.357575757575757,
    "average fp3 position": 10.624242424242425,
    "average fastest lap position": 9.478787878787879,
    "average rise/fall factor": -2.533333333333333,
    "average teammate comp race": 0.13333333333333333,
    "average teammate comp quali": 1.309090909090909,
    "average driver standings position": 9.078787878787878,
    "average constructor standings position": 4.951515151515151
}