{
    "total races": 83,
    "wins": 9,
    "win percentage": 10.843373493975903,
    "average weekend score": 426.93975903614455,
    "average race position": 12.27710843373494,
    "points per weekend": 6.674698795180723,
    "average quali position": 7.36144578313253,
    "average fp1 position": 10.0,
    "average fp2 position": 10.0,
    "average fp3 position": 10.0,
    "average fastest lap position": 9.132530120481928,
    "average rise/fall factor": -4.9156626506024095,
    "average teammate comp race": 1.8072289156626506,
    "average teammate comp quali": 7.409638554216867,
    "average driver standings position": 7.831325301204819,
    "average constructor standings position": 5.228915662650603,
    "normalisation factor": 4.418840607796598,
    "career score": 1886.5787443118102
}