{
    "total races": 83,
    "average weekend score": 360.1927710843373,
    "average race position": 12.27710843373494,
    "average quali position": 7.36144578313253,
    "average fp1 position": 10.0,
    "average fp2 position": 10.0,
    "average fp3 position": 10.0,
    "average fastest lap position": 9.132530120481928,
    "average rise/fall factor": -4.9156626506024095,
    "average teammate comp race": 1.8072289156626506,
    "average teammate comp quali": 7.409638554216867,
    "average driver standings position": 7.831325301204819,
    "average constructor standings position": 5.228915662650603
}