{
    "total races": 41,
    "wins": 0,
    "win percentage": 0.0,
    "average weekend score": 73.14634146341463,
    "average race position": 17.70731707317073,
    "points per weekend": 0.0975609756097561,
    "average quali position": 22.926829268292682,
    "average fp1 position": 10.707317073170731,
    "average fp2 position": 10.24390243902439,
    "average fp3 position": 10.0,
    "average fastest lap position": 10.487804878048781,
    "average rise/fall factor": 5.219512195121951,
    "average teammate comp race": -0.0975609756097561,
    "average teammate comp quali": -1.951219512195122,
    "average driver standings position": 10.0,
    "average constructor standings position": 5.317073170731708,
    "normalisation factor": 3.713572066704308,
    "career score": 271.63421044015166
}