{
    "total races": 3,
    "wins": 0,
    "win percentage": 0.0,
    "average weekend score": -294.0,
    "average race position": 18.333333333333332,
    "points per weekend": 0.0,
    "average quali position": 26.0,
    "average fp1 position": 10.0,
    "average fp2 position": 10.0,
    "average fp3 position": 10.0,
    "average fastest lap position": 10.0,
    "average rise/fall factor": 7.666666666666667,
    "average teammate comp race": -13.666666666666666,
    "average teammate comp quali": -24.333333333333332,
    "average driver standings position": 10.0,
    "average constructor standings position": 1.6666666666666667,
    "normalisation factor": 1.0986122886681098,
    "career score": -322.9920128684243
}