{
    "total races": 11,
    "average weekend score": 202.54545454545453,
    "average race position": 12.818181818181818,
    "average quali position": 15.545454545454545,
    "average fp1 position": 15.545454545454545,
    "average fp2 position": 15.363636363636363,
    "average fp3 position": 10.0,
    "average fastest lap position": 14.545454545454545,
    "average rise/fall factor": 2.727272727272727,
    "average teammate comp race": -3.090909090909091,
    "average teammate comp quali": -5.363636363636363,
    "average driver standings position": 12.545454545454545,
    "average constructor standings position": 6.2727272727272725
}