{
    "total races": 58,
    "average weekend score": 276.55172413793105,
    "average race position": 13.793103448275861,
    "average quali position": 13.879310344827585,
    "average fp1 position": 12.60344827586207,
    "average fp2 position": 13.655172413793103,
    "average fp3 position": 12.982758620689655,
    "average fastest lap position": 11.982758620689655,
    "average rise/fall factor": 0.08620689655172414,
    "average teammate comp race": -0.5862068965517241,
    "average teammate comp quali": -1.8620689655172413,
    "average driver standings position": 14.275862068965518,
    "average constructor standings position": 7.741379310344827
}