{
    "total races": 202,
    "wins": 1,
    "win percentage": 0.49504950495049505,
    "average weekend score": 442.990099009901,
    "average race position": 11.876237623762377,
    "points per weekend": 5.133663366336633,
    "average quali position": 9.03960396039604,
    "average fp1 position": 8.683168316831683,
    "average fp2 position": 9.915841584158416,
    "average fp3 position": 10.0,
    "average fastest lap position": 9.247524752475247,
    "average rise/fall factor": -2.8366336633663365,
    "average teammate comp race": 1.6336633663366336,
    "average teammate comp quali": 1.6683168316831682,
    "average driver standings position": 9.262376237623762,
    "average constructor standings position": 5.0495049504950495,
    "normalisation factor": 5.308267697401205,
    "career score": 2351.510032842819
}