{
    "total races": 56,
    "wins": 2,
    "win percentage": 3.571428571428571,
    "average weekend score": 100.28571428571429,
    "average race position": 17.767857142857142,
    "points per weekend": 1.2321428571428572,
    "average quali position": 11.303571428571429,
    "average fp1 position": 10.0,
    "average fp2 position": 10.0,
    "average fp3 position": 10.0,
    "average fastest lap position": 10.0,
    "average rise/fall factor": -6.464285714285714,
    "average teammate comp race": -3.125,
    "average teammate comp quali": 1.9464285714285714,
    "average driver standings position": 10.285714285714286,
    "average constructor standings position": 5.446428571428571,
    "normalisation factor": 4.02535169073515,
    "career score": 403.68526955658217
}