{
    "total races": 3,
    "average weekend score": 47.666666666666664,
    "average race position": 18.333333333333332,
    "average quali position": 24.333333333333332,
    "average fp1 position": 25.333333333333332,
    "average fp2 position": 24.333333333333332,
    "average fp3 position": 10.0,
    "average fastest lap position": 22.333333333333332,
    "average rise/fall factor": 6.0,
    "average teammate comp race": 1.6666666666666667,
    "average teammate comp quali": -3.0,
    "average driver standings position": 10.0,
    "average constructor standings position": 7.0
}