{
    "total races": 9,
    "average weekend score": 90.88888888888889,
    "average race position": 16.77777777777778,
    "average quali position": 25.11111111111111,
    "average fp1 position": 23.0,
    "average fp2 position": 22.666666666666668,
    "average fp3 position": 10.0,
    "average fastest lap position": 21.666666666666668,
    "average rise/fall factor": 8.333333333333334,
    "average teammate comp race": 0.5555555555555556,
    "average teammate comp quali": -2.2222222222222223,
    "average driver standings position": 10.0,
    "average constructor standings position": 5.666666666666667
}