{
    "total races": 88,
    "average weekend score": 232.0909090909091,
    "average race position": 12.511363636363637,
    "average quali position": 12.090909090909092,
    "average fp1 position": 10.0,
    "average fp2 position": 10.0,
    "average fp3 position": 10.0,
    "average fastest lap position": 9.590909090909092,
    "average rise/fall factor": -0.42045454545454547,
    "average teammate comp race": -1.2613636363636365,
    "average teammate comp quali": -1.4886363636363635,
    "average driver standings position": 9.0,
    "average constructor standings position": 4.818181818181818
}