{
    "total races": 12,
    "wins": 0,
    "win percentage": 0.0,
    "average weekend score": 65.16666666666667,
    "average race position": 11.916666666666666,
    "points per weekend": 3.0833333333333335,
    "average quali position": 15.5,
    "average fp1 position": 10.0,
    "average fp2 position": 10.0,
    "average fp3 position": 10.0,
    "average fastest lap position": 10.0,
    "average rise/fall factor": 3.5833333333333335,
    "average teammate comp race": -10.25,
    "average teammate comp quali": -13.5,
    "average driver standings position": 11.333333333333334,
    "average constructor standings position": 1.5833333333333333,
    "normalisation factor": 2.4849066497880004,
    "career score": 161.93308334451802
}