{
    "total races": 73,
    "average weekend score": 406.7671232876712,
    "average race position": 9.178082191780822,
    "average quali position": 3.6164383561643834,
    "average fp1 position": 10.0,
    "average fp2 position": 10.0,
    "average fp3 position": 10.0,
    "average fastest lap position": 6.671232876712328,
    "average rise/fall factor": -5.561643835616438,
    "average teammate comp race": -0.9041095890410958,
    "average teammate comp quali": 2.780821917808219,
    "average driver standings position": 4.698630136986301,
    "average constructor standings position": 2.315068493150685
}