{
    "total races": 70,
    "average weekend score": 171.67142857142858,
    "average race position": 15.471428571428572,
    "average quali position": 16.942857142857143,
    "average fp1 position": 15.657142857142857,
    "average fp2 position": 15.485714285714286,
    "average fp3 position": 10.0,
    "average fastest lap position": 13.571428571428571,
    "average rise/fall factor": 1.4714285714285715,
    "average teammate comp race": -1.3857142857142857,
    "average teammate comp quali": -1.5857142857142856,
    "average driver standings position": 10.928571428571429,
    "average constructor standings position": 6.728571428571429
}