{
    "total races": 87,
    "average weekend score": 79.54022988505747,
    "average race position": 13.839080459770114,
    "average quali position": 12.701149425287356,
    "average fp1 position": 10.0,
    "average fp2 position": 10.0,
    "average fp3 position": 10.0,
    "average fastest lap position": 10.0,
    "average rise/fall factor": -1.1379310344827587,
    "average teammate comp race": -6.827586206896552,
    "average teammate comp quali": -6.954022988505747,
    "average driver standings position": 12.080459770114942,
    "average constructor standings position": 3.8850574712643677
}