{
    "total races": 3,
    "wins": 0,
    "win percentage": 0.0,
    "average weekend score": 6.0,
    "average race position": 16.666666666666668,
    "points per weekend": 0.3333333333333333,
    "average quali position": 19.0,
    "average fp1 position": 10.0,
    "average fp2 position": 10.0,
    "average fp3 position": 10.0,
    "average fastest lap position": 10.0,
    "average rise/fall factor": 2.3333333333333335,
    "average teammate comp race": -6.666666666666667,
    "average teammate comp quali": -5.333333333333333,
    "average driver standings position": 10.0,
    "average constructor standings position": 6.0,
    "normalisation factor": 1.0986122886681098,
    "career score": 6.591673732008658
}