{
    "total races": 104,
    "average weekend score": 191.67307692307693,
    "average race position": 13.423076923076923,
    "average quali position": 16.278846153846153,
    "average fp1 position": 10.0,
    "average fp2 position": 10.0,
    "average fp3 position": 10.0,
    "average fastest lap position": 9.826923076923077,
    "average rise/fall factor": 2.855769230769231,
    "average teammate comp race": -0.4807692307692308,
    "average teammate comp quali": -3.2115384615384617,
    "average driver standings position": 10.048076923076923,
    "average constructor standings position": 5.115384615384615
}