{
    "total races": 62,
    "average weekend score": 215.58064516129033,
    "average race position": 13.629032258064516,
    "average quali position": 6.725806451612903,
    "average fp1 position": 10.0,
    "average fp2 position": 10.0,
    "average fp3 position": 10.0,
    "average fastest lap position": 9.564516129032258,
    "average rise/fall factor": -6.903225806451613,
    "average teammate comp race": -3.4516129032258065,
    "average teammate comp quali": 2.274193548387097,
    "average driver standings position": 8.225806451612904,
    "average constructor standings position": 3.7580645161290325
}