{
    "total races": 62,
    "wins": 6,
    "win percentage": 9.67741935483871,
    "average weekend score": 273.80645161290323,
    "average race position": 13.629032258064516,
    "points per weekend": 5.82258064516129,
    "average quali position": 6.725806451612903,
    "average fp1 position": 10.0,
    "average fp2 position": 10.0,
    "average fp3 position": 10.0,
    "average fastest lap position": 9.564516129032258,
    "average rise/fall factor": -6.903225806451613,
    "average teammate comp race": -3.4516129032258065,
    "average teammate comp quali": 2.274193548387097,
    "average driver standings position": 8.225806451612904,
    "average constructor standings position": 3.7580645161290325,
    "normalisation factor": 4.127134385045092,
    "career score": 1130.036021298798
}