{
    "total races": 103,
    "wins": 9,
    "win percentage": 8.737864077669903,
    "average weekend score": 477.3592233009709,
    "average race position": 10.019417475728156,
    "points per weekend": 7.922330097087379,
    "average quali position": 8.20388349514563,
    "average fp1 position": 10.0,
    "average fp2 position": 10.0,
    "average fp3 position": 10.0,
    "average fastest lap position": 9.563106796116505,
    "average rise/fall factor": -1.8155339805825244,
    "average teammate comp race": 2.504854368932039,
    "average teammate comp quali": 3.8932038834951457,
    "average driver standings position": 6.572815533980583,
    "average constructor standings position": 4.213592233009709,
    "normalisation factor": 4.634728988229636,
    "career score": 2212.4306300317935
}