{
    "total races": 13,
    "average weekend score": 16.923076923076923,
    "average race position": 15.461538461538462,
    "average quali position": 14.076923076923077,
    "average fp1 position": 10.0,
    "average fp2 position": 10.0,
    "average fp3 position": 10.0,
    "average fastest lap position": 10.0,
    "average rise/fall factor": -1.3846153846153846,
    "average teammate comp race": -7.538461538461538,
    "average teammate comp quali": -7.6923076923076925,
    "average driver standings position": 12.307692307692308,
    "average constructor standings position": 2.923076923076923
}