{
    "total races": 15,
    "average weekend score": -63.86666666666667,
    "average race position": 16.666666666666668,
    "average quali position": 13.333333333333334,
    "average fp1 position": 10.0,
    "average fp2 position": 10.0,
    "average fp3 position": 10.0,
    "average fastest lap position": 10.0,
    "average rise/fall factor": -3.3333333333333335,
    "average teammate comp race": -10.4,
    "average teammate comp quali": -9.466666666666667,
    "average driver standings position": 12.133333333333333,
    "average constructor standings position": 2.3333333333333335
}