{
    "total races": 144,
    "wins": 5,
    "win percentage": 3.4722222222222223,
    "average weekend score": 346.65277777777777,
    "average race position": 12.11111111111111,
    "points per weekend": 4.993055555555555,
    "average quali position": 12.055555555555555,
    "average fp1 position": 10.0,
    "average fp2 position": 10.0,
    "average fp3 position": 10.0,
    "average fastest lap position": 9.833333333333334,
    "average rise/fall factor": -0.05555555555555555,
    "average teammate comp race": 1.7708333333333333,
    "average teammate comp quali": 0.2777777777777778,
    "average driver standings position": 8.895833333333334,
    "average constructor standings position": 4.819444444444445,
    "normalisation factor": 4.969813299576001,
    "career score": 1722.799585334964
}