{
    "total races": 113,
    "average weekend score": 298.88495575221236,
    "average race position": 12.716814159292035,
    "average quali position": 7.876106194690266,
    "average fp1 position": 10.0,
    "average fp2 position": 10.0,
    "average fp3 position": 10.0,
    "average fastest lap position": 9.123893805309734,
    "average rise/fall factor": -4.84070796460177,
    "average teammate comp race": 0.10619469026548672,
    "average teammate comp quali": 3.9557522123893807,
    "average driver standings position": 8.663716814159292,
    "average constructor standings position": 4.734513274336283
}