{
    "total races": 13,
    "wins": 0,
    "win percentage": 0.0,
    "average weekend score": 47.69230769230769,
    "average race position": 15.461538461538462,
    "points per weekend": 3.076923076923077,
    "average quali position": 14.076923076923077,
    "average fp1 position": 10.0,
    "average fp2 position": 10.0,
    "average fp3 position": 10.0,
    "average fastest lap position": 10.0,
    "average rise/fall factor": -1.3846153846153846,
    "average teammate comp race": -7.538461538461538,
    "average teammate comp quali": -7.6923076923076925,
    "average driver standings position": 12.307692307692308,
    "average constructor standings position": 2.923076923076923,
    "normalisation factor": 2.5649493574615367,
    "career score": 122.32835397124252
}