{
    "total races": 23,
    "average weekend score": 73.04347826086956,
    "average race position": 17.043478260869566,
    "average quali position": 20.82608695652174,
    "average fp1 position": 10.0,
    "average fp2 position": 10.0,
    "average fp3 position": 10.0,
    "average fastest lap position": 15.73913043478261,
    "average rise/fall factor": 3.782608695652174,
    "average teammate comp race": -1.173913043478261,
    "average teammate comp quali": -4.434782608695652,
    "average driver standings position": 11.869565217391305,
    "average constructor standings position": 8.043478260869565
}