{
    "total races": 15,
    "wins": 0,
    "win percentage": 0.0,
    "average weekend score": -49.86666666666667,
    "average race position": 16.666666666666668,
    "points per weekend": 1.4,
    "average quali position": 13.333333333333334,
    "average fp1 position": 10.0,
    "average fp2 position": 10.0,
    "average fp3 position": 10.0,
    "average fastest lap position": 10.0,
    "average rise/fall factor": -3.3333333333333335,
    "average teammate comp race": -10.4,
    "average teammate comp quali": -9.466666666666667,
    "average driver standings position": 12.133333333333333,
    "average constructor standings position": 2.3333333333333335,
    "normalisation factor": 2.70805020110221,
    "career score": -135.04143669496355
}