{
    "total races": 37,
    "average weekend score": 191.0810810810811,
    "average race position": 15.27027027027027,
    "average quali position": 16.37837837837838,
    "average fp1 position": 16.675675675675677,
    "average fp2 position": 16.08108108108108,
    "average fp3 position": 14.702702702702704,
    "average fastest lap position": 14.216216216216216,
    "average rise/fall factor": 1.1081081081081081,
    "average teammate comp race": -1.135135135135135,
    "average teammate comp quali": -2.5135135135135136,
    "average driver standings position": 17.7027027027027,
    "average constructor standings position": 8.378378378378379
}