{
    "total races": 88,
    "average weekend score": 220.79545454545453,
    "average race position": 14.670454545454545,
    "average quali position": 20.829545454545453,
    "average fp1 position": 13.977272727272727,
    "average fp2 position": 14.090909090909092,
    "average fp3 position": 10.0,
    "average fastest lap position": 17.420454545454547,
    "average rise/fall factor": 6.159090909090909,
    "average teammate comp race": 1.9772727272727273,
    "average teammate comp quali": 1.0113636363636365,
    "average driver standings position": 12.181818181818182,
    "average constructor standings position": 5.761363636363637
}