{
    "total races": 107,
    "average weekend score": 193.6355140186916,
    "average race position": 15.672897196261681,
    "average quali position": 16.345794392523363,
    "average fp1 position": 15.663551401869158,
    "average fp2 position": 16.205607476635514,
    "average fp3 position": 10.644859813084112,
    "average fastest lap position": 14.74766355140187,
    "average rise/fall factor": 0.6728971962616822,
    "average teammate comp race": -0.24299065420560748,
    "average teammate comp quali": -0.028037383177570093,
    "average driver standings position": 13.05607476635514,
    "average constructor standings position": 7.542056074766355
}