{
    "total races": 34,
    "average weekend score": 146.38235294117646,
    "average race position": 17.176470588235293,
    "average quali position": 19.08823529411765,
    "average fp1 position": 17.58823529411765,
    "average fp2 position": 19.205882352941178,
    "average fp3 position": 19.058823529411764,
    "average fastest lap position": 17.61764705882353,
    "average rise/fall factor": 1.911764705882353,
    "average teammate comp race": 0.3235294117647059,
    "average teammate comp quali": 1.2647058823529411,
    "average driver standings position": 17.647058823529413,
    "average constructor standings position": 9.676470588235293
}