{
    "total races": 42,
    "average weekend score": 206.3095238095238,
    "average race position": 15.523809523809524,
    "average quali position": 14.595238095238095,
    "average fp1 position": 14.5,
    "average fp2 position": 13.80952380952381,
    "average fp3 position": 10.0,
    "average fastest lap position": 13.285714285714286,
    "average rise/fall factor": -0.9285714285714286,
    "average teammate comp race": -1.4047619047619047,
    "average teammate comp quali": 1.380952380952381,
    "average driver standings position": 11.333333333333334,
    "average constructor standings position": 7.0
}