{
    "total races": 11,
    "average weekend score": 88.63636363636364,
    "average race position": 17.727272727272727,
    "average quali position": 23.09090909090909,
    "average fp1 position": 18.90909090909091,
    "average fp2 position": 21.09090909090909,
    "average fp3 position": 22.09090909090909,
    "average fastest lap position": 19.818181818181817,
    "average rise/fall factor": 5.363636363636363,
    "average teammate comp race": 1.1818181818181819,
    "average teammate comp quali": -0.5454545454545454,
    "average driver standings position": 19.181818181818183,
    "average constructor standings position": 10.363636363636363
}