{
    "total races": 36,
    "average weekend score": 241.30555555555554,
    "average race position": 13.5,
    "average quali position": 13.972222222222221,
    "average fp1 position": 11.166666666666666,
    "average fp2 position": 9.86111111111111,
    "average fp3 position": 10.694444444444445,
    "average fastest lap position": 13.63888888888889,
    "average rise/fall factor": 0.4722222222222222,
    "average teammate comp race": -3.6666666666666665,
    "average teammate comp quali": -3.75,
    "average driver standings position": 15.583333333333334,
    "average constructor standings position": 6.027777777777778
}