{
    "total races": 352,
    "wins": 21,
    "win percentage": 5.965909090909091,
    "average weekend score": 578.9431818181819,
    "average race position": 8.857954545454545,
    "points per weekend": 8.059659090909092,
    "average quali position": 7.7102272727272725,
    "average fp1 position": 8.571022727272727,
    "average fp2 position": 7.690340909090909,
    "average fp3 position": 8.1875,
    "average fastest lap position": 7.068181818181818,
    "average rise/fall factor": -1.1477272727272727,
    "average teammate comp race": 0.2471590909090909,
    "average teammate comp quali": 0.2897727272727273,
    "average driver standings position": 6.801136363636363,
    "average constructor standings position": 3.6988636363636362,
    "normalisation factor": 5.863631175598097,
    "career score": 3394.7092898090486
}