{
    "total races": 352,
    "average weekend score": 498.34659090909093,
    "average race position": 8.857954545454545,
    "average quali position": 7.7102272727272725,
    "average fp1 position": 8.571022727272727,
    "average fp2 position": 7.690340909090909,
    "average fp3 position": 8.1875,
    "average fastest lap position": 7.068181818181818,
    "average rise/fall factor": -1.1477272727272727,
    "average teammate comp race": 0.2471590909090909,
    "average teammate comp quali": 0.2897727272727273,
    "average driver standings position": 6.801136363636363,
    "average constructor standings position": 3.6988636363636362
}