{
    "total races": 168,
    "wins": 0,
    "win percentage": 0.0,
    "average weekend score": 303.7738095238095,
    "average race position": 12.589285714285714,
    "points per weekend": 1.7023809523809523,
    "average quali position": 14.029761904761905,
    "average fp1 position": 12.005952380952381,
    "average fp2 position": 12.738095238095237,
    "average fp3 position": 12.976190476190476,
    "average fastest lap position": 11.93452380952381,
    "average rise/fall factor": 1.4404761904761905,
    "average teammate comp race": -1.6666666666666667,
    "average teammate comp quali": -2.517857142857143,
    "average driver standings position": 12.767857142857142,
    "average constructor standings position": 6.184523809523809,
    "normalisation factor": 5.123963979403259,
    "career score": 1556.5260578861066
}