{
    "total races": 11,
    "average weekend score": -114.36363636363636,
    "average race position": 17.272727272727273,
    "average quali position": 25.272727272727273,
    "average fp1 position": 10.0,
    "average fp2 position": 10.0,
    "average fp3 position": 10.0,
    "average fastest lap position": 10.0,
    "average rise/fall factor": 8.0,
    "average teammate comp race": -5.2727272727272725,
    "average teammate comp quali": -18.363636363636363,
    "average driver standings position": 13.454545454545455,
    "average constructor standings position": 7.181818181818182
}