{
    "total races": 6,
    "wins": 0,
    "win percentage": 0.0,
    "average weekend score": -107.66666666666667,
    "average race position": 20.0,
    "points per weekend": 0.0,
    "average quali position": 29.833333333333332,
    "average fp1 position": 10.0,
    "average fp2 position": 10.0,
    "average fp3 position": 10.0,
    "average fastest lap position": 10.0,
    "average rise/fall factor": 9.833333333333334,
    "average teammate comp race": -2.8333333333333335,
    "average teammate comp quali": -10.5,
    "average driver standings position": 10.0,
    "average constructor standings position": 9.833333333333334,
    "normalisation factor": 1.791759469228055,
    "career score": -192.9127695202206
}