{
    "total races": 356,
    "wins": 105,
    "win percentage": 29.49438202247191,
    "average weekend score": 802.5337078651686,
    "average race position": 5.022471910112359,
    "points per weekend": 14.668539325842696,
    "average quali position": 4.171348314606742,
    "average fp1 position": 4.657303370786517,
    "average fp2 position": 4.51123595505618,
    "average fp3 position": 5.264044943820225,
    "average fastest lap position": 4.870786516853933,
    "average rise/fall factor": -0.851123595505618,
    "average teammate comp race": 0.9943820224719101,
    "average teammate comp quali": 0.22191011235955055,
    "average driver standings position": 3.0365168539325844,
    "average constructor standings position": 2.1207865168539324,
    "normalisation factor": 5.87493073085203,
    "career score": 4714.8299428817045
}