{
    "total races": 11,
    "wins": 0,
    "win percentage": 0.0,
    "average weekend score": 305.1818181818182,
    "average race position": 12.909090909090908,
    "points per weekend": 0.5454545454545454,
    "average quali position": 13.363636363636363,
    "average fp1 position": 13.272727272727273,
    "average fp2 position": 11.909090909090908,
    "average fp3 position": 13.454545454545455,
    "average fastest lap position": 12.0,
    "average rise/fall factor": 0.45454545454545453,
    "average teammate comp race": 1.3636363636363635,
    "average teammate comp quali": -2.727272727272727,
    "average driver standings position": 20.09090909090909,
    "average constructor standings position": 8.727272727272727,
    "normalisation factor": 2.3978952727983707,
    "career score": 731.7940391621937
}