{
    "total races": 42,
    "wins": 1,
    "win percentage": 2.380952380952381,
    "average weekend score": 321.42857142857144,
    "average race position": 10.761904761904763,
    "points per weekend": 5.9523809523809526,
    "average quali position": 8.619047619047619,
    "average fp1 position": 10.0,
    "average fp2 position": 10.0,
    "average fp3 position": 10.0,
    "average fastest lap position": 9.571428571428571,
    "average rise/fall factor": -2.142857142857143,
    "average teammate comp race": -2.0,
    "average teammate comp quali": -3.6666666666666665,
    "average driver standings position": 7.785714285714286,
    "average constructor standings position": 3.0,
    "normalisation factor": 3.7376696182833684,
    "career score": 1201.3938058767972
}