{
    "total races": 42,
    "average weekend score": 261.9047619047619,
    "average race position": 10.761904761904763,
    "average quali position": 8.619047619047619,
    "average fp1 position": 10.0,
    "average fp2 position": 10.0,
    "average fp3 position": 10.0,
    "average fastest lap position": 9.571428571428571,
    "average rise/fall factor": -2.142857142857143,
    "average teammate comp race": -2.0,
    "average teammate comp quali": -3.6666666666666665,
    "average driver standings position": 7.785714285714286,
    "average constructor standings position": 3.0
}