{
    "total races": 58,
    "wins": 0,
    "win percentage": 0.0,
    "average weekend score": 137.41379310344828,
    "average race position": 16.379310344827587,
    "points per weekend": 0.4482758620689655,
    "average quali position": 20.482758620689655,
    "average fp1 position": 18.620689655172413,
    "average fp2 position": 20.137931034482758,
    "average fp3 position": 10.310344827586206,
    "average fastest lap position": 16.948275862068964,
    "average rise/fall factor": 4.103448275862069,
    "average teammate comp race": -0.7931034482758621,
    "average teammate comp quali": -0.20689655172413793,
    "average driver standings position": 10.413793103448276,
    "average constructor standings position": 5.275862068965517,
    "normalisation factor": 4.060443010546419,
    "career score": 557.9608757595684
}