{
    "total races": 19,
    "average weekend score": 47.421052631578945,
    "average race position": 18.736842105263158,
    "average quali position": 22.105263157894736,
    "average fp1 position": 18.94736842105263,
    "average fp2 position": 21.31578947368421,
    "average fp3 position": 20.57894736842105,
    "average fastest lap position": 19.42105263157895,
    "average rise/fall factor": 3.3684210526315788,
    "average teammate comp race": 0.0,
    "average teammate comp quali": -2.263157894736842,
    "average driver standings position": 20.263157894736842,
    "average constructor standings position": 11.263157894736842
}