{
    "total races": 18,
    "wins": 0,
    "win percentage": 0.0,
    "average weekend score": 15.444444444444445,
    "average race position": 16.22222222222222,
    "points per weekend": 1.8333333333333333,
    "average quali position": 18.666666666666668,
    "average fp1 position": 10.0,
    "average fp2 position": 10.0,
    "average fp3 position": 10.0,
    "average fastest lap position": 10.0,
    "average rise/fall factor": 2.4444444444444446,
    "average teammate comp race": -6.0,
    "average teammate comp quali": -8.666666666666666,
    "average driver standings position": 13.166666666666666,
    "average constructor standings position": 3.611111111111111,
    "normalisation factor": 2.8903717578961645,
    "career score": 44.640186038618545
}