{
    "total races": 15,
    "wins": 0,
    "win percentage": 0.0,
    "average weekend score": 193.93333333333334,
    "average race position": 14.133333333333333,
    "points per weekend": 0.6666666666666666,
    "average quali position": 17.2,
    "average fp1 position": 16.2,
    "average fp2 position": 17.466666666666665,
    "average fp3 position": 10.0,
    "average fastest lap position": 14.4,
    "average rise/fall factor": 3.066666666666667,
    "average teammate comp race": -2.0,
    "average teammate comp quali": -3.2666666666666666,
    "average driver standings position": 17.533333333333335,
    "average constructor standings position": 8.666666666666666,
    "normalisation factor": 2.70805020110221,
    "career score": 525.1812023337553
}