{
    "total races": 12,
    "wins": 1,
    "win percentage": 8.333333333333332,
    "average weekend score": 217.16666666666666,
    "average race position": 12.5,
    "points per weekend": 5.666666666666667,
    "average quali position": 11.25,
    "average fp1 position": 10.0,
    "average fp2 position": 10.0,
    "average fp3 position": 10.0,
    "average fastest lap position": 9.25,
    "average rise/fall factor": -1.25,
    "average teammate comp race": -5.916666666666667,
    "average teammate comp quali": -4.083333333333333,
    "average driver standings position": 11.166666666666666,
    "average constructor standings position": 3.6666666666666665,
    "normalisation factor": 2.4849066497880004,
    "career score": 539.638894112294
}