{
    "total races": 56,
    "average weekend score": 153.96428571428572,
    "average race position": 17.714285714285715,
    "average quali position": 16.017857142857142,
    "average fp1 position": 10.0,
    "average fp2 position": 10.0,
    "average fp3 position": 10.0,
    "average fastest lap position": 14.071428571428571,
    "average rise/fall factor": -1.6964285714285714,
    "average teammate comp race": 0.5535714285714286,
    "average teammate comp quali": 4.464285714285714,
    "average driver standings position": 11.964285714285714,
    "average constructor standings position": 6.392857142857143
}