{
    "total races": 97,
    "average weekend score": 196.58762886597938,
    "average race position": 15.350515463917526,
    "average quali position": 17.412371134020617,
    "average fp1 position": 16.309278350515463,
    "average fp2 position": 16.8659793814433,
    "average fp3 position": 16.814432989690722,
    "average fastest lap position": 15.051546391752577,
    "average rise/fall factor": 2.0618556701030926,
    "average teammate comp race": -0.6804123711340206,
    "average teammate comp quali": -0.9278350515463918,
    "average driver standings position": 17.79381443298969,
    "average constructor standings position": 9.1340206185567
}