{
    "total races": 88,
    "average weekend score": 242.38636363636363,
    "average race position": 13.704545454545455,
    "average quali position": 17.829545454545453,
    "average fp1 position": 10.0,
    "average fp2 position": 10.0,
    "average fp3 position": 10.0,
    "average fastest lap position": 12.488636363636363,
    "average rise/fall factor": 4.125,
    "average teammate comp race": 1.9090909090909092,
    "average teammate comp quali": -0.3977272727272727,
    "average driver standings position": 12.784090909090908,
    "average constructor standings position": 7.715909090909091
}