{
    "total races": 36,
    "average weekend score": 223.02777777777777,
    "average race position": 14.472222222222221,
    "average quali position": 19.555555555555557,
    "average fp1 position": 16.25,
    "average fp2 position": 19.25,
    "average fp3 position": 9.88888888888889,
    "average fastest lap position": 14.805555555555555,
    "average rise/fall factor": 5.083333333333333,
    "average teammate comp race": 0.2777777777777778,
    "average teammate comp quali": 0.08333333333333333,
    "average driver standings position": 15.027777777777779,
    "average constructor standings position": 7.388888888888889
}