{
    "total races": 123,
    "average weekend score": 245.2520325203252,
    "average race position": 12.991869918699187,
    "average quali position": 8.520325203252032,
    "average fp1 position": 10.0,
    "average fp2 position": 10.0,
    "average fp3 position": 10.0,
    "average fastest lap position": 9.341463414634147,
    "average rise/fall factor": -4.471544715447155,
    "average teammate comp race": -1.5203252032520325,
    "average teammate comp quali": 1.056910569105691,
    "average driver standings position": 8.121951219512194,
    "average constructor standings position": 4.227642276422764
}