{
    "total races": 123,
    "wins": 12,
    "win percentage": 9.75609756097561,
    "average weekend score": 299.8048780487805,
    "average race position": 12.991869918699187,
    "points per weekend": 5.455284552845528,
    "average quali position": 8.520325203252032,
    "average fp1 position": 10.0,
    "average fp2 position": 10.0,
    "average fp3 position": 10.0,
    "average fastest lap position": 9.341463414634147,
    "average rise/fall factor": -4.471544715447155,
    "average teammate comp race": -1.5203252032520325,
    "average teammate comp quali": 1.056910569105691,
    "average driver standings position": 8.121951219512194,
    "average constructor standings position": 4.227642276422764,
    "normalisation factor": 4.812184355372417,
    "career score": 1442.7163438106768
}