{
    "total races": 11,
    "average weekend score": 283.09090909090907,
    "average race position": 12.727272727272727,
    "average quali position": 16.363636363636363,
    "average fp1 position": 10.0,
    "average fp2 position": 10.0,
    "average fp3 position": 10.0,
    "average fastest lap position": 10.0,
    "average rise/fall factor": 3.6363636363636362,
    "average teammate comp race": 3.6363636363636362,
    "average teammate comp quali": -0.18181818181818182,
    "average driver standings position": 11.636363636363637,
    "average constructor standings position": 6.2727272727272725
}