{
    "total races": 63,
    "average weekend score": 266.04761904761904,
    "average race position": 13.873015873015873,
    "average quali position": 13.555555555555555,
    "average fp1 position": 13.126984126984127,
    "average fp2 position": 13.0,
    "average fp3 position": 10.0,
    "average fastest lap position": 11.285714285714286,
    "average rise/fall factor": -0.31746031746031744,
    "average teammate comp race": 0.15873015873015872,
    "average teammate comp quali": -1.126984126984127,
    "average driver standings position": 10.365079365079366,
    "average constructor standings position": 5.634920634920635
}