{
    "total races": 217,
    "average weekend score": 451.62672811059906,
    "average race position": 10.119815668202765,
    "average quali position": 8.152073732718893,
    "average fp1 position": 9.972350230414747,
    "average fp2 position": 9.852534562211982,
    "average fp3 position": 8.396313364055299,
    "average fastest lap position": 8.824884792626728,
    "average rise/fall factor": -1.967741935483871,
    "average teammate comp race": 0.07834101382488479,
    "average teammate comp quali": 0.9953917050691244,
    "average driver standings position": 8.110599078341014,
    "average constructor standings position": 4.419354838709677
}