{
    "total races": 11,
    "wins": 0,
    "win percentage": 0.0,
    "average weekend score": 324.0,
    "average race position": 12.727272727272727,
    "points per weekend": 4.090909090909091,
    "average quali position": 16.363636363636363,
    "average fp1 position": 10.0,
    "average fp2 position": 10.0,
    "average fp3 position": 10.0,
    "average fastest lap position": 10.0,
    "average rise/fall factor": 3.6363636363636362,
    "average teammate comp race": 3.6363636363636362,
    "average teammate comp quali": -0.18181818181818182,
    "average driver standings position": 11.636363636363637,
    "average constructor standings position": 6.2727272727272725,
    "normalisation factor": 2.3978952727983707,
    "career score": 776.9180683866721
}