{
    "total races": 165,
    "wins": 0,
    "win percentage": 0.0,
    "average weekend score": 301.3212121212121,
    "average race position": 13.618181818181819,
    "points per weekend": 3.242424242424242,
    "average quali position": 14.133333333333333,
    "average fp1 position": 10.624242424242425,
    "average fp2 position": 10.193939393939393,
    "average fp3 position": 10.0,
    "average fastest lap position": 11.733333333333333,
    "average rise/fall factor": 0.5151515151515151,
    "average teammate comp race": -0.01818181818181818,
    "average teammate comp quali": -0.5454545454545454,
    "average driver standings position": 10.993939393939394,
    "average constructor standings position": 6.090909090909091,
    "normalisation factor": 5.10594547390058,
    "career score": 1538.5296792205397
}