{
    "total races": 15,
    "average weekend score": 176.93333333333334,
    "average race position": 15.933333333333334,
    "average quali position": 15.533333333333333,
    "average fp1 position": 16.466666666666665,
    "average fp2 position": 12.733333333333333,
    "average fp3 position": 10.0,
    "average fastest lap position": 12.4,
    "average rise/fall factor": -0.4,
    "average teammate comp race": -2.2666666666666666,
    "average teammate comp quali": 0.4,
    "average driver standings position": 10.0,
    "average constructor standings position": 7.666666666666667
}