{
    "total races": 165,
    "average weekend score": 268.8969696969697,
    "average race position": 13.618181818181819,
    "average quali position": 14.133333333333333,
    "average fp1 position": 10.624242424242425,
    "average fp2 position": 10.193939393939393,
    "average fp3 position": 10.0,
    "average fastest lap position": 11.733333333333333,
    "average rise/fall factor": 0.5151515151515151,
    "average teammate comp race": -0.01818181818181818,
    "average teammate comp quali": -0.5454545454545454,
    "average driver standings position": 10.993939393939394,
    "average constructor standings position": 6.090909090909091
}