{
    "total races": 29,
    "average weekend score": -61.724137931034484,
    "average race position": 16.0,
    "average quali position": 14.827586206896552,
    "average fp1 position": 10.0,
    "average fp2 position": 10.0,
    "average fp3 position": 10.0,
    "average fastest lap position": 10.0,
    "average rise/fall factor": -1.1724137931034482,
    "average teammate comp race": -11.10344827586207,
    "average teammate comp quali": -10.10344827586207,
    "average driver standings position": 10.241379310344827,
    "average constructor standings position": 2.3793103448275863
}