{
    "total races": 29,
    "wins": 0,
    "win percentage": 0.0,
    "average weekend score": -54.48275862068966,
    "average race position": 16.0,
    "points per weekend": 0.7241379310344828,
    "average quali position": 14.827586206896552,
    "average fp1 position": 10.0,
    "average fp2 position": 10.0,
    "average fp3 position": 10.0,
    "average fastest lap position": 10.0,
    "average rise/fall factor": -1.1724137931034482,
    "average teammate comp race": -11.10344827586207,
    "average teammate comp quali": -10.10344827586207,
    "average driver standings position": 10.241379310344827,
    "average constructor standings position": 2.3793103448275863,
    "normalisation factor": 3.367295829986474,
    "career score": -183.4595659096079
}