{
    "total races": 41,
    "average weekend score": 146.0,
    "average race position": 15.390243902439025,
    "average quali position": 20.0,
    "average fp1 position": 10.0,
    "average fp2 position": 10.0,
    "average fp3 position": 10.0,
    "average fastest lap position": 14.048780487804878,
    "average rise/fall factor": 4.609756097560975,
    "average teammate comp race": 0.4146341463414634,
    "average teammate comp quali": -3.5853658536585367,
    "average driver standings position": 14.170731707317072,
    "average constructor standings position": 7.317073170731708
}