{
    "total races": 7,
    "average weekend score": 148.57142857142858,
    "average race position": 17.0,
    "average quali position": 17.714285714285715,
    "average fp1 position": 16.428571428571427,
    "average fp2 position": 16.285714285714285,
    "average fp3 position": 10.0,
    "average fastest lap position": 15.0,
    "average rise/fall factor": 0.7142857142857143,
    "average teammate comp race": -0.5714285714285714,
    "average teammate comp quali": 1.4285714285714286,
    "average driver standings position": 10.0,
    "average constructor standings position": 8.428571428571429
}