{
    "total races": 35,
    "average weekend score": 99.34285714285714,
    "average race position": 17.571428571428573,
    "average quali position": 20.37142857142857,
    "average fp1 position": 18.428571428571427,
    "average fp2 position": 20.485714285714284,
    "average fp3 position": 20.142857142857142,
    "average fastest lap position": 17.857142857142858,
    "average rise/fall factor": 2.8,
    "average teammate comp race": -0.3142857142857143,
    "average teammate comp quali": -1.2571428571428571,
    "average driver standings position": 20.6,
    "average constructor standings position": 9.657142857142857
}