{
    "total races": 308,
    "average weekend score": 578.2564935064935,
    "average race position": 7.246753246753247,
    "average quali position": 4.720779220779221,
    "average fp1 position": 5.113636363636363,
    "average fp2 position": 5.217532467532467,
    "average fp3 position": 8.62012987012987,
    "average fastest lap position": 5.048701298701299,
    "average rise/fall factor": -2.5259740259740258,
    "average teammate comp race": 1.4350649350649352,
    "average teammate comp quali": 2.1103896103896105,
    "average driver standings position": 4.185064935064935,
    "average constructor standings position": 2.4285714285714284
}