{
    "total races": 13,
    "wins": 0,
    "win percentage": 0.0,
    "average weekend score": 180.30769230769232,
    "average race position": 14.153846153846153,
    "points per weekend": 3.1538461538461537,
    "average quali position": 9.76923076923077,
    "average fp1 position": 12.538461538461538,
    "average fp2 position": 12.23076923076923,
    "average fp3 position": 10.0,
    "average fastest lap position": 11.0,
    "average rise/fall factor": -4.384615384615385,
    "average teammate comp race": -6.3076923076923075,
    "average teammate comp quali": -5.6923076923076925,
    "average driver standings position": 12.076923076923077,
    "average constructor standings position": 2.076923076923077,
    "normalisation factor": 2.5649493574615367,
    "career score": 462.4800995299879
}