{
    "total races": 3,
    "wins": 0,
    "win percentage": 0.0,
    "average weekend score": 280.6666666666667,
    "average race position": 11.333333333333334,
    "points per weekend": 0.3333333333333333,
    "average quali position": 21.0,
    "average fp1 position": 10.0,
    "average fp2 position": 10.0,
    "average fp3 position": 10.0,
    "average fastest lap position": 10.0,
    "average rise/fall factor": 9.666666666666666,
    "average teammate comp race": 1.0,
    "average teammate comp quali": -0.6666666666666666,
    "average driver standings position": 10.0,
    "average constructor standings position": 5.0,
    "normalisation factor": 1.0986122886681098,
    "career score": 308.34384901951614
}