{
    "total races": 165,
    "wins": 20,
    "win percentage": 12.121212121212121,
    "average weekend score": 521.9090909090909,
    "average race position": 10.345454545454546,
    "points per weekend": 8.527272727272727,
    "average quali position": 7.406060606060606,
    "average fp1 position": 7.945454545454545,
    "average fp2 position": 7.575757575757576,
    "average fp3 position": 10.0,
    "average fastest lap position": 7.406060606060606,
    "average rise/fall factor": -2.9393939393939394,
    "average teammate comp race": 0.7515151515151515,
    "average teammate comp quali": 1.4363636363636363,
    "average driver standings position": 6.709090909090909,
    "average constructor standings position": 3.684848484848485,
    "normalisation factor": 5.10594547390058,
    "career score": 2664.839360514839
}