{
    "total races": 111,
    "average weekend score": 302.84684684684686,
    "average race position": 13.468468468468469,
    "average quali position": 14.846846846846846,
    "average fp1 position": 14.09009009009009,
    "average fp2 position": 14.342342342342342,
    "average fp3 position": 10.0,
    "average fastest lap position": 12.972972972972974,
    "average rise/fall factor": 1.3783783783783783,
    "average teammate comp race": 1.90990990990991,
    "average teammate comp quali": 0.8108108108108109,
    "average driver standings position": 11.891891891891891,
    "average constructor standings position": 6.936936936936937
}