{
    "total races": 29,
    "average weekend score": -29.655172413793103,
    "average race position": 16.20689655172414,
    "average quali position": 21.344827586206897,
    "average fp1 position": 10.0,
    "average fp2 position": 10.0,
    "average fp3 position": 10.0,
    "average fastest lap position": 10.0,
    "average rise/fall factor": 5.137931034482759,
    "average teammate comp race": -7.137931034482759,
    "average teammate comp quali": -9.689655172413794,
    "average driver standings position": 10.0,
    "average constructor standings position": 5.827586206896552
}