{
    "total races": 37,
    "average weekend score": 165.6216216216216,
    "average race position": 12.64864864864865,
    "average quali position": 10.405405405405405,
    "average fp1 position": 10.0,
    "average fp2 position": 10.0,
    "average fp3 position": 10.0,
    "average fastest lap position": 10.0,
    "average rise/fall factor": -2.2432432432432434,
    "average teammate comp race": -3.5945945945945947,
    "average teammate comp quali": -5.783783783783784,
    "average driver standings position": 10.675675675675675,
    "average constructor standings position": 3.810810810810811
}