{
    "total races": 6,
    "wins": 0,
    "win percentage": 0.0,
    "average weekend score": 310.0,
    "average race position": 11.5,
    "points per weekend": 7.666666666666667,
    "average quali position": 5.666666666666667,
    "average fp1 position": 10.0,
    "average fp2 position": 10.0,
    "average fp3 position": 10.0,
    "average fastest lap position": 10.0,
    "average rise/fall factor": -5.833333333333333,
    "average teammate comp race": -4.833333333333333,
    "average teammate comp quali": -0.6666666666666666,
    "average driver standings position": 9.5,
    "average constructor standings position": 2.3333333333333335,
    "normalisation factor": 1.791759469228055,
    "career score": 555.445435460697
}