{
    "total races": 47,
    "average weekend score": 72.44680851063829,
    "average race position": 18.106382978723403,
    "average quali position": 20.425531914893618,
    "average fp1 position": 18.19148936170213,
    "average fp2 position": 21.638297872340427,
    "average fp3 position": 19.659574468085108,
    "average fastest lap position": 19.127659574468087,
    "average rise/fall factor": 2.3191489361702127,
    "average teammate comp race": -1.3191489361702127,
    "average teammate comp quali": -0.3404255319148936,
    "average driver standings position": 20.53191489361702,
    "average constructor standings position": 10.212765957446809
}