{
    "total races": 28,
    "average weekend score": 172.25,
    "average race position": 14.214285714285714,
    "average quali position": 13.928571428571429,
    "average fp1 position": 12.214285714285714,
    "average fp2 position": 12.357142857142858,
    "average fp3 position": 9.892857142857142,
    "average fastest lap position": 13.178571428571429,
    "average rise/fall factor": -0.2857142857142857,
    "average teammate comp race": -5.678571428571429,
    "average teammate comp quali": -6.607142857142857,
    "average driver standings position": 15.392857142857142,
    "average constructor standings position": 5.571428571428571
}