{
    "total races": 61,
    "average weekend score": 135.2622950819672,
    "average race position": 16.18032786885246,
    "average quali position": 17.852459016393443,
    "average fp1 position": 17.049180327868854,
    "average fp2 position": 17.721311475409838,
    "average fp3 position": 16.37704918032787,
    "average fastest lap position": 15.573770491803279,
    "average rise/fall factor": 1.6721311475409837,
    "average teammate comp race": -1.5245901639344261,
    "average teammate comp quali": -3.2950819672131146,
    "average driver standings position": 18.885245901639344,
    "average constructor standings position": 9.360655737704919
}