{
    "total races": 185,
    "average weekend score": 383.05405405405406,
    "average race position": 11.313513513513513,
    "average quali position": 11.421621621621622,
    "average fp1 position": 12.994594594594595,
    "average fp2 position": 12.92972972972973,
    "average fp3 position": 10.762162162162163,
    "average fastest lap position": 10.95135135135135,
    "average rise/fall factor": 0.10810810810810811,
    "average teammate comp race": 1.1081081081081081,
    "average teammate comp quali": -0.32432432432432434,
    "average driver standings position": 10.264864864864865,
    "average constructor standings position": 5.6702702702702705
}