{
    "total races": 206,
    "wins": 23,
    "win percentage": 11.165048543689322,
    "average weekend score": 634.6893203883495,
    "average race position": 8.262135922330097,
    "points per weekend": 8.53883495145631,
    "average quali position": 6.771844660194175,
    "average fp1 position": 6.233009708737864,
    "average fp2 position": 7.08252427184466,
    "average fp3 position": 7.160194174757281,
    "average fastest lap position": 7.621359223300971,
    "average rise/fall factor": -1.4902912621359223,
    "average teammate comp race": 1.2912621359223302,
    "average teammate comp quali": 1.7135922330097086,
    "average driver standings position": 6.684466019417476,
    "average constructor standings position": 3.849514563106796,
    "normalisation factor": 5.327876168789581,
    "career score": 3381.546104682343
}