{
    "total races": 206,
    "average weekend score": 549.3009708737864,
    "average race position": 8.262135922330097,
    "average quali position": 6.771844660194175,
    "average fp1 position": 6.233009708737864,
    "average fp2 position": 7.08252427184466,
    "average fp3 position": 7.160194174757281,
    "average fastest lap position": 7.621359223300971,
    "average rise/fall factor": -1.4902912621359223,
    "average teammate comp race": 1.2912621359223302,
    "average teammate comp quali": 1.7135922330097086,
    "average driver standings position": 6.684466019417476,
    "average constructor standings position": 3.849514563106796
}