{
    "total races": 75,
    "wins": 0,
    "win percentage": 0.0,
    "average weekend score": 149.13333333333333,
    "average race position": 16.813333333333333,
    "points per weekend": 0.76,
    "average quali position": 19.973333333333333,
    "average fp1 position": 18.826666666666668,
    "average fp2 position": 16.386666666666667,
    "average fp3 position": 10.0,
    "average fastest lap position": 14.026666666666667,
    "average rise/fall factor": 3.16,
    "average teammate comp race": 1.0533333333333332,
    "average teammate comp quali": -0.52,
    "average driver standings position": 9.946666666666667,
    "average constructor standings position": 5.0,
    "normalisation factor": 4.31748811353631,
    "career score": 643.881393998715
}