{
    "total races": 230,
    "average weekend score": 373.38695652173914,
    "average race position": 11.995652173913044,
    "average quali position": 10.708695652173914,
    "average fp1 position": 11.421739130434782,
    "average fp2 position": 10.821739130434782,
    "average fp3 position": 10.891304347826088,
    "average fastest lap position": 11.595652173913043,
    "average rise/fall factor": -1.2869565217391303,
    "average teammate comp race": -0.10869565217391304,
    "average teammate comp quali": 1.391304347826087,
    "average driver standings position": 11.447826086956521,
    "average constructor standings position": 6.3478260869565215
}