{
    "total races": 191,
    "average weekend score": 334.57068062827227,
    "average race position": 11.74869109947644,
    "average quali position": 6.643979057591623,
    "average fp1 position": 7.2565445026178015,
    "average fp2 position": 7.272251308900524,
    "average fp3 position": 10.0,
    "average fastest lap position": 6.732984293193717,
    "average rise/fall factor": -5.104712041884817,
    "average teammate comp race": -1.617801047120419,
    "average teammate comp quali": -0.6492146596858639,
    "average driver standings position": 7.015706806282722,
    "average constructor standings position": 3.6178010471204187
}