{
    "total races": 22,
    "average weekend score": 64.72727272727273,
    "average race position": 18.40909090909091,
    "average quali position": 19.545454545454547,
    "average fp1 position": 19.318181818181817,
    "average fp2 position": 18.863636363636363,
    "average fp3 position": 17.681818181818183,
    "average fastest lap position": 17.136363636363637,
    "average rise/fall factor": 1.1363636363636365,
    "average teammate comp race": -1.4545454545454546,
    "average teammate comp quali": -1.3181818181818181,
    "average driver standings position": 19.636363636363637,
    "average constructor standings position": 9.954545454545455
}