{
    "total races": 11,
    "average weekend score": 174.27272727272728,
    "average race position": 15.272727272727273,
    "average quali position": 16.545454545454547,
    "average fp1 position": 12.545454545454545,
    "average fp2 position": 15.454545454545455,
    "average fp3 position": 14.727272727272727,
    "average fastest lap position": 14.454545454545455,
    "average rise/fall factor": 1.2727272727272727,
    "average teammate comp race": -2.1818181818181817,
    "average teammate comp quali": -2.4545454545454546,
    "average driver standings position": 19.0,
    "average constructor standings position": 9.272727272727273
}