{
    "total races": 62,
    "average weekend score": 81.6774193548387,
    "average race position": 18.0,
    "average quali position": 20.596774193548388,
    "average fp1 position": 18.14516129032258,
    "average fp2 position": 16.870967741935484,
    "average fp3 position": 10.0,
    "average fastest lap position": 15.32258064516129,
    "average rise/fall factor": 2.596774193548387,
    "average teammate comp race": -0.532258064516129,
    "average teammate comp quali": -1.0483870967741935,
    "average driver standings position": 12.35483870967742,
    "average constructor standings position": 6.67741935483871
}