{
    "total races": 158,
    "wins": 1,
    "win percentage": 0.6329113924050633,
    "average weekend score": 356.873417721519,
    "average race position": 12.936708860759493,
    "points per weekend": 2.7025316455696204,
    "average quali position": 12.120253164556962,
    "average fp1 position": 11.518987341772151,
    "average fp2 position": 12.569620253164556,
    "average fp3 position": 10.012658227848101,
    "average fastest lap position": 11.069620253164556,
    "average rise/fall factor": -0.8164556962025317,
    "average teammate comp race": 0.6772151898734177,
    "average teammate comp quali": 1.259493670886076,
    "average driver standings position": 11.221518987341772,
    "average constructor standings position": 6.6455696202531644,
    "normalisation factor": 5.062595033026967,
    "career score": 1806.70559197632
}