{
    "total races": 3,
    "average weekend score": 427.6666666666667,
    "average race position": 9.666666666666666,
    "average quali position": 13.0,
    "average fp1 position": 8.0,
    "average fp2 position": 10.0,
    "average fp3 position": 13.333333333333334,
    "average fastest lap position": 8.333333333333334,
    "average rise/fall factor": 3.3333333333333335,
    "average teammate comp race": 1.6666666666666667,
    "average teammate comp quali": -1.6666666666666667,
    "average driver standings position": 14.666666666666666,
    "average constructor standings position": 5.333333333333333
}