{
    "total races": 46,
    "average weekend score": 472.32608695652175,
    "average race position": 7.956521739130435,
    "average quali position": 7.543478260869565,
    "average fp1 position": 8.434782608695652,
    "average fp2 position": 9.5,
    "average fp3 position": 8.065217391304348,
    "average fastest lap position": 7.869565217391305,
    "average rise/fall factor": -0.41304347826086957,
    "average teammate comp race": -1.891304347826087,
    "average teammate comp quali": -1.8043478260869565,
    "average driver standings position": 8.08695652173913,
    "average constructor standings position": 3.739130434782609
}