{
    "total races": 15,
    "average weekend score": -15.866666666666667,
    "average race position": 18.133333333333333,
    "average quali position": 23.4,
    "average fp1 position": 23.266666666666666,
    "average fp2 position": 21.4,
    "average fp3 position": 10.0,
    "average fastest lap position": 13.866666666666667,
    "average rise/fall factor": 5.266666666666667,
    "average teammate comp race": -1.2,
    "average teammate comp quali": -9.866666666666667,
    "average driver standings position": 10.0,
    "average constructor standings position": 5.4
}