{
    "total races": 14,
    "average weekend score": 163.42857142857142,
    "average race position": 15.071428571428571,
    "average quali position": 25.714285714285715,
    "average fp1 position": 10.0,
    "average fp2 position": 10.0,
    "average fp3 position": 10.0,
    "average fastest lap position": 20.285714285714285,
    "average rise/fall factor": 10.642857142857142,
    "average teammate comp race": 4.928571428571429,
    "average teammate comp quali": -5.714285714285714,
    "average driver standings position": 10.0,
    "average constructor standings position": 5.0
}