{
    "total races": 39,
    "average weekend score": 198.0,
    "average race position": 16.025641025641026,
    "average quali position": 18.23076923076923,
    "average fp1 position": 18.358974358974358,
    "average fp2 position": 18.53846153846154,
    "average fp3 position": 18.846153846153847,
    "average fastest lap position": 15.846153846153847,
    "average rise/fall factor": 2.2051282051282053,
    "average teammate comp race": 1.1282051282051282,
    "average teammate comp quali": 1.1538461538461537,
    "average driver standings position": 17.384615384615383,
    "average constructor standings position": 10.051282051282051
}