{
    "total races": 39,
    "wins": 0,
    "win percentage": 0.0,
    "average weekend score": 199.53846153846155,
    "average race position": 16.025641025641026,
    "points per weekend": 0.15384615384615385,
    "average quali position": 18.23076923076923,
    "average fp1 position": 18.358974358974358,
    "average fp2 position": 18.53846153846154,
    "average fp3 position": 18.846153846153847,
    "average fastest lap position": 15.846153846153847,
    "average rise/fall factor": 2.2051282051282053,
    "average teammate comp race": 1.1282051282051282,
    "average teammate comp quali": 1.1538461538461537,
    "average driver standings position": 17.384615384615383,
    "average constructor standings position": 10.051282051282051,
    "normalisation factor": 3.6635616461296463,
    "career score": 731.0214546200233
}