{
    "total races": 96,
    "average weekend score": 244.72916666666666,
    "average race position": 14.979166666666666,
    "average quali position": 13.75,
    "average fp1 position": 12.90625,
    "average fp2 position": 13.833333333333334,
    "average fp3 position": 12.510416666666666,
    "average fastest lap position": 12.802083333333334,
    "average rise/fall factor": -1.2291666666666667,
    "average teammate comp race": -1.2083333333333333,
    "average teammate comp quali": 0.0625,
    "average driver standings position": 16.1875,
    "average constructor standings position": 7.822916666666667
}