{
    "total races": 11,
    "wins": 0,
    "win percentage": 0.0,
    "average weekend score": 119.81818181818181,
    "average race position": 17.454545454545453,
    "points per weekend": 0.7272727272727273,
    "average quali position": 17.90909090909091,
    "average fp1 position": 19.09090909090909,
    "average fp2 position": 20.363636363636363,
    "average fp3 position": 15.545454545454545,
    "average fastest lap position": 17.454545454545453,
    "average rise/fall factor": 0.45454545454545453,
    "average teammate comp race": -1.9090909090909092,
    "average teammate comp quali": -0.09090909090909091,
    "average driver standings position": 20.545454545454547,
    "average constructor standings position": 9.818181818181818,
    "normalisation factor": 2.3978952727983707,
    "career score": 287.31145177711386
}