{
    "total races": 13,
    "average weekend score": 125.53846153846153,
    "average race position": 15.307692307692308,
    "average quali position": 23.46153846153846,
    "average fp1 position": 10.0,
    "average fp2 position": 10.0,
    "average fp3 position": 10.0,
    "average fastest lap position": 10.0,
    "average rise/fall factor": 8.153846153846153,
    "average teammate comp race": 0.46153846153846156,
    "average teammate comp quali": -4.3076923076923075,
    "average driver standings position": 10.0,
    "average constructor standings position": 5.384615384615385
}