{
    "total races": 13,
    "wins": 0,
    "win percentage": 0.0,
    "average weekend score": 133.23076923076923,
    "average race position": 15.307692307692308,
    "points per weekend": 0.7692307692307693,
    "average quali position": 23.46153846153846,
    "average fp1 position": 10.0,
    "average fp2 position": 10.0,
    "average fp3 position": 10.0,
    "average fastest lap position": 10.0,
    "average rise/fall factor": 8.153846153846153,
    "average teammate comp race": 0.46153846153846156,
    "average teammate comp quali": -4.3076923076923075,
    "average driver standings position": 10.0,
    "average constructor standings position": 5.384615384615385,
    "normalisation factor": 2.5649493574615367,
    "career score": 341.7301759325678
}