{
    "total races": 85,
    "wins": 2,
    "win percentage": 2.3529411764705883,
    "average weekend score": 326.6823529411765,
    "average race position": 12.058823529411764,
    "points per weekend": 5.8,
    "average quali position": 9.388235294117647,
    "average fp1 position": 10.0,
    "average fp2 position": 10.0,
    "average fp3 position": 10.0,
    "average fastest lap position": 9.68235294117647,
    "average rise/fall factor": -2.6705882352941175,
    "average teammate comp race": -0.7294117647058823,
    "average teammate comp quali": 0.12941176470588237,
    "average driver standings position": 6.882352941176471,
    "average constructor standings position": 4.317647058823529,
    "normalisation factor": 4.442651256490317,
    "career score": 1451.3357657673307
}