{
    "total races": 123,
    "average weekend score": 227.1869918699187,
    "average race position": 13.626016260162602,
    "average quali position": 11.674796747967479,
    "average fp1 position": 10.065040650406504,
    "average fp2 position": 10.130081300813009,
    "average fp3 position": 10.0,
    "average fastest lap position": 9.325203252032521,
    "average rise/fall factor": -1.951219512195122,
    "average teammate comp race": -0.7804878048780488,
    "average teammate comp quali": -1.2601626016260163,
    "average driver standings position": 10.479674796747968,
    "average constructor standings position": 5.308943089430894
}