{
    "total races": 59,
    "average weekend score": 361.03389830508473,
    "average race position": 11.677966101694915,
    "average quali position": 12.220338983050848,
    "average fp1 position": 10.779661016949152,
    "average fp2 position": 11.169491525423728,
    "average fp3 position": 11.610169491525424,
    "average fastest lap position": 12.491525423728813,
    "average rise/fall factor": 0.5423728813559322,
    "average teammate comp race": -0.03389830508474576,
    "average teammate comp quali": -0.4067796610169492,
    "average driver standings position": 12.033898305084746,
    "average constructor standings position": 6.593220338983051
}