{
    "total races": 27,
    "wins": 0,
    "win percentage": 0.0,
    "average weekend score": 11.148148148148149,
    "average race position": 18.555555555555557,
    "points per weekend": 0.07407407407407407,
    "average quali position": 26.074074074074073,
    "average fp1 position": 25.444444444444443,
    "average fp2 position": 24.814814814814813,
    "average fp3 position": 10.0,
    "average fastest lap position": 12.148148148148149,
    "average rise/fall factor": 7.518518518518518,
    "average teammate comp race": -0.037037037037037035,
    "average teammate comp quali": -4.518518518518518,
    "average driver standings position": 10.0,
    "average constructor standings position": 5.592592592592593,
    "normalisation factor": 3.295836866004329,
    "career score": 36.74247765434456
}