{
    "total races": 99,
    "wins": 0,
    "win percentage": 0.0,
    "average weekend score": 168.2828282828283,
    "average race position": 15.818181818181818,
    "points per weekend": 1.2525252525252526,
    "average quali position": 17.292929292929294,
    "average fp1 position": 16.696969696969695,
    "average fp2 position": 17.141414141414142,
    "average fp3 position": 10.0,
    "average fastest lap position": 14.434343434343434,
    "average rise/fall factor": 1.4747474747474747,
    "average teammate comp race": -1.121212121212121,
    "average teammate comp quali": -2.2525252525252526,
    "average driver standings position": 12.535353535353535,
    "average constructor standings position": 6.383838383838384,
    "normalisation factor": 4.59511985013459,
    "career score": 773.2797646792148
}