{
    "total races": 55,
    "wins": 2,
    "win percentage": 3.6363636363636362,
    "average weekend score": 315.09090909090907,
    "average race position": 12.254545454545454,
    "points per weekend": 5.418181818181818,
    "average quali position": 10.727272727272727,
    "average fp1 position": 10.0,
    "average fp2 position": 10.0,
    "average fp3 position": 10.0,
    "average fastest lap position": 9.836363636363636,
    "average rise/fall factor": -1.5272727272727273,
    "average teammate comp race": 0.18181818181818182,
    "average teammate comp quali": -1.018181818181818,
    "average driver standings position": 8.036363636363637,
    "average constructor standings position": 4.4363636363636365,
    "normalisation factor": 4.007333185232471,
    "career score": 1262.6742563650675
}