{
    "total races": 7,
    "wins": 0,
    "win percentage": 0.0,
    "average weekend score": 43.42857142857143,
    "average race position": 20.0,
    "points per weekend": 0.0,
    "average quali position": 21.285714285714285,
    "average fp1 position": 12.714285714285714,
    "average fp2 position": 10.0,
    "average fp3 position": 10.0,
    "average fastest lap position": 10.0,
    "average rise/fall factor": 1.2857142857142858,
    "average teammate comp race": 0.0,
    "average teammate comp quali": 2.142857142857143,
    "average driver standings position": 10.0,
    "average constructor standings position": 5.0,
    "normalisation factor": 1.9459101490553132,
    "career score": 84.50809790183075
}