{
    "total races": 31,
    "wins": 1,
    "win percentage": 3.225806451612903,
    "average weekend score": 27.29032258064516,
    "average race position": 16.129032258064516,
    "points per weekend": 1.6451612903225807,
    "average quali position": 16.548387096774192,
    "average fp1 position": 10.0,
    "average fp2 position": 10.0,
    "average fp3 position": 10.0,
    "average fastest lap position": 10.0,
    "average rise/fall factor": 0.41935483870967744,
    "average teammate comp race": -6.516129032258065,
    "average teammate comp quali": -7.032258064516129,
    "average driver standings position": 12.258064516129032,
    "average constructor standings position": 5.258064516129032,
    "normalisation factor": 3.4339872044851463,
    "career score": 93.71461854820754
}