{
    "total races": 31,
    "average weekend score": 10.838709677419354,
    "average race position": 16.129032258064516,
    "average quali position": 16.548387096774192,
    "average fp1 position": 10.0,
    "average fp2 position": 10.0,
    "average fp3 position": 10.0,
    "average fastest lap position": 10.0,
    "average rise/fall factor": 0.41935483870967744,
    "average teammate comp race": -6.516129032258065,
    "average teammate comp quali": -7.032258064516129,
    "average driver standings position": 12.258064516129032,
    "average constructor standings position": 5.258064516129032
}