{
    "total races": 13,
    "average weekend score": 154.46153846153845,
    "average race position": 11.692307692307692,
    "average quali position": 13.461538461538462,
    "average fp1 position": 10.0,
    "average fp2 position": 10.0,
    "average fp3 position": 10.0,
    "average fastest lap position": 10.0,
    "average rise/fall factor": 1.7692307692307692,
    "average teammate comp race": -3.3846153846153846,
    "average teammate comp quali": -10.076923076923077,
    "average driver standings position": 9.384615384615385,
    "average constructor standings position": 3.5384615384615383
}