{
    "total races": 41,
    "average weekend score": 254.82926829268294,
    "average race position": 11.487804878048781,
    "average quali position": 10.463414634146341,
    "average fp1 position": 10.0,
    "average fp2 position": 10.0,
    "average fp3 position": 10.0,
    "average fastest lap position": 9.121951219512194,
    "average rise/fall factor": -1.024390243902439,
    "average teammate comp race": -1.951219512195122,
    "average teammate comp quali": -2.1219512195121952,
    "average driver standings position": 7.7073170731707314,
    "average constructor standings position": 3.4878048780487805
}