{
    "total races": 154,
    "wins": 1,
    "win percentage": 0.6493506493506493,
    "average weekend score": 439.7402597402597,
    "average race position": 11.376623376623376,
    "points per weekend": 2.792207792207792,
    "average quali position": 11.194805194805195,
    "average fp1 position": 10.415584415584416,
    "average fp2 position": 10.571428571428571,
    "average fp3 position": 10.974025974025974,
    "average fastest lap position": 10.980519480519481,
    "average rise/fall factor": -0.18181818181818182,
    "average teammate comp race": 1.422077922077922,
    "average teammate comp quali": 1.577922077922078,
    "average driver standings position": 11.571428571428571,
    "average constructor standings position": 6.64935064935065,
    "normalisation factor": 5.0369526024136295,
    "career score": 2214.9508456847466
}