{
    "total races": 17,
    "average weekend score": 33.529411764705884,
    "average race position": 20.0,
    "average quali position": 23.647058823529413,
    "average fp1 position": 18.470588235294116,
    "average fp2 position": 18.470588235294116,
    "average fp3 position": 10.0,
    "average fastest lap position": 10.647058823529411,
    "average rise/fall factor": 3.6470588235294117,
    "average teammate comp race": -0.5882352941176471,
    "average teammate comp quali": 3.4705882352941178,
    "average driver standings position": 10.0,
    "average constructor standings position": 7.588235294117647
}