{
    "total races": 124,
    "average weekend score": 237.1048387096774,
    "average race position": 15.258064516129032,
    "average quali position": 16.798387096774192,
    "average fp1 position": 14.669354838709678,
    "average fp2 position": 14.403225806451612,
    "average fp3 position": 10.0,
    "average fastest lap position": 16.31451612903226,
    "average rise/fall factor": 1.5403225806451613,
    "average teammate comp race": 1.1774193548387097,
    "average teammate comp quali": 3.161290322580645,
    "average driver standings position": 12.42741935483871,
    "average constructor standings position": 7.32258064516129
}