{
    "total races": 154,
    "average weekend score": 411.8181818181818,
    "average race position": 11.376623376623376,
    "average quali position": 11.194805194805195,
    "average fp1 position": 10.415584415584416,
    "average fp2 position": 10.571428571428571,
    "average fp3 position": 10.974025974025974,
    "average fastest lap position": 10.980519480519481,
    "average rise/fall factor": -0.18181818181818182,
    "average teammate comp race": 1.422077922077922,
    "average teammate comp quali": 1.577922077922078,
    "average driver standings position": 11.571428571428571,
    "average constructor standings position": 6.64935064935065
}