{
    "total races": 30,
    "average weekend score": 76.8,
    "average race position": 15.666666666666666,
    "average quali position": 12.333333333333334,
    "average fp1 position": 10.0,
    "average fp2 position": 10.0,
    "average fp3 position": 10.0,
    "average fastest lap position": 10.0,
    "average rise/fall factor": -3.3333333333333335,
    "average teammate comp race": -5.466666666666667,
    "average teammate comp quali": -3.033333333333333,
    "average driver standings position": 11.466666666666667,
    "average constructor standings position": 4.433333333333334
}