{
    "total races": 180,
    "average weekend score": 421.6388888888889,
    "average race position": 10.683333333333334,
    "average quali position": 7.733333333333333,
    "average fp1 position": 9.811111111111112,
    "average fp2 position": 8.277777777777779,
    "average fp3 position": 9.8,
    "average fastest lap position": 7.933333333333334,
    "average rise/fall factor": -2.95,
    "average teammate comp race": 0.35555555555555557,
    "average teammate comp quali": 0.2222222222222222,
    "average driver standings position": 7.655555555555556,
    "average constructor standings position": 4.127777777777778
}