{
    "total races": 14,
    "average weekend score": 173.71428571428572,
    "average race position": 15.285714285714286,
    "average quali position": 17.0,
    "average fp1 position": 15.214285714285714,
    "average fp2 position": 16.857142857142858,
    "average fp3 position": 13.214285714285714,
    "average fastest lap position": 16.571428571428573,
    "average rise/fall factor": 1.7142857142857142,
    "average teammate comp race": -0.2857142857142857,
    "average teammate comp quali": -3.0,
    "average driver standings position": 16.142857142857142,
    "average constructor standings position": 6.5
}