{
    "total races": 30,
    "wins": 0,
    "win percentage": 0.0,
    "average weekend score": 70.26666666666667,
    "average race position": 16.966666666666665,
    "points per weekend": 0.5333333333333333,
    "average quali position": 23.866666666666667,
    "average fp1 position": 10.0,
    "average fp2 position": 10.0,
    "average fp3 position": 10.0,
    "average fastest lap position": 14.933333333333334,
    "average rise/fall factor": 6.9,
    "average teammate comp race": -1.6,
    "average teammate comp quali": -2.8,
    "average driver standings position": 10.0,
    "average constructor standings position": 5.0,
    "normalisation factor": 3.4011973816621555,
    "career score": 238.99080268479412
}