{
    "total races": 23,
    "average weekend score": 86.52173913043478,
    "average race position": 15.304347826086957,
    "average quali position": 13.91304347826087,
    "average fp1 position": 10.0,
    "average fp2 position": 10.0,
    "average fp3 position": 10.0,
    "average fastest lap position": 10.0,
    "average rise/fall factor": -1.391304347826087,
    "average teammate comp race": -4.391304347826087,
    "average teammate comp quali": -4.304347826086956,
    "average driver standings position": 10.304347826086957,
    "average constructor standings position": 4.521739130434782
}