{
    "total races": 7,
    "average weekend score": 139.14285714285714,
    "average race position": 15.571428571428571,
    "average quali position": 20.285714285714285,
    "average fp1 position": 10.0,
    "average fp2 position": 10.0,
    "average fp3 position": 10.0,
    "average fastest lap position": 10.0,
    "average rise/fall factor": 4.714285714285714,
    "average teammate comp race": 2.7142857142857144,
    "average teammate comp quali": -5.857142857142857,
    "average driver standings position": 10.857142857142858,
    "average constructor standings position": 7.714285714285714
}