{
    "total races": 7,
    "wins": 0,
    "win percentage": 0.0,
    "average weekend score": 153.42857142857142,
    "average race position": 15.571428571428571,
    "points per weekend": 1.4285714285714286,
    "average quali position": 20.285714285714285,
    "average fp1 position": 10.0,
    "average fp2 position": 10.0,
    "average fp3 position": 10.0,
    "average fastest lap position": 10.0,
    "average rise/fall factor": 4.714285714285714,
    "average teammate comp race": 2.7142857142857144,
    "average teammate comp quali": -5.857142857142857,
    "average driver standings position": 10.857142857142858,
    "average constructor standings position": 7.714285714285714,
    "normalisation factor": 1.9459101490553132,
    "career score": 298.5582142979152
}