{
    "total races": 164,
    "average weekend score": 261.6829268292683,
    "average race position": 13.445121951219512,
    "average quali position": 11.957317073170731,
    "average fp1 position": 12.146341463414634,
    "average fp2 position": 12.03048780487805,
    "average fp3 position": 10.0,
    "average fastest lap position": 10.932926829268293,
    "average rise/fall factor": -1.4878048780487805,
    "average teammate comp race": 1.0914634146341464,
    "average teammate comp quali": -0.31097560975609756,
    "average driver standings position": 9.615853658536585,
    "average constructor standings position": 5.091463414634147
}