{
    "total races": 11,
    "wins": 0,
    "win percentage": 0.0,
    "average weekend score": 59.63636363636363,
    "average race position": 14.363636363636363,
    "points per weekend": 1.5454545454545454,
    "average quali position": 19.454545454545453,
    "average fp1 position": 10.0,
    "average fp2 position": 10.0,
    "average fp3 position": 10.0,
    "average fastest lap position": 10.0,
    "average rise/fall factor": 5.090909090909091,
    "average teammate comp race": -3.272727272727273,
    "average teammate comp quali": -13.181818181818182,
    "average driver standings position": 10.0,
    "average constructor standings position": 4.636363636363637,
    "normalisation factor": 2.3978952727983707,
    "career score": 143.00175445052102
}