{
    "total races": 11,
    "average weekend score": 44.18181818181818,
    "average race position": 14.363636363636363,
    "average quali position": 19.454545454545453,
    "average fp1 position": 10.0,
    "average fp2 position": 10.0,
    "average fp3 position": 10.0,
    "average fastest lap position": 10.0,
    "average rise/fall factor": 5.090909090909091,
    "average teammate comp race": -3.272727272727273,
    "average teammate comp quali": -13.181818181818182,
    "average driver standings position": 10.0,
    "average constructor standings position": 4.636363636363637
}