{
    "total races": 38,
    "average weekend score": 170.18421052631578,
    "average race position": 14.947368421052632,
    "average quali position": 15.0,
    "average fp1 position": 14.657894736842104,
    "average fp2 position": 15.526315789473685,
    "average fp3 position": 10.447368421052632,
    "average fastest lap position": 12.842105263157896,
    "average rise/fall factor": 0.05263157894736842,
    "average teammate comp race": -1.394736842105263,
    "average teammate comp quali": -5.5,
    "average driver standings position": 12.921052631578947,
    "average constructor standings position": 5.631578947368421
}