{
    "total races": 6,
    "wins": 0,
    "win percentage": 0.0,
    "average weekend score": 109.33333333333333,
    "average race position": 14.0,
    "points per weekend": 3.3333333333333335,
    "average quali position": 9.333333333333334,
    "average fp1 position": 10.0,
    "average fp2 position": 10.0,
    "average fp3 position": 10.0,
    "average fastest lap position": 10.0,
    "average rise/fall factor": -4.666666666666667,
    "average teammate comp race": -10.166666666666666,
    "average teammate comp quali": -2.6666666666666665,
    "average driver standings position": 10.333333333333334,
    "average constructor standings position": 3.5,
    "normalisation factor": 1.791759469228055,
    "career score": 195.89903530226732
}