{
    "total races": 33,
    "wins": 0,
    "win percentage": 0.0,
    "average weekend score": 108.66666666666667,
    "average race position": 16.727272727272727,
    "points per weekend": 0.36363636363636365,
    "average quali position": 19.96969696969697,
    "average fp1 position": 18.757575757575758,
    "average fp2 position": 19.272727272727273,
    "average fp3 position": 10.0,
    "average fastest lap position": 15.818181818181818,
    "average rise/fall factor": 3.242424242424242,
    "average teammate comp race": 0.0,
    "average teammate comp quali": -3.9696969696969697,
    "average driver standings position": 10.0,
    "average constructor standings position": 6.606060606060606,
    "normalisation factor": 3.4965075614664802,
    "career score": 379.95382167935753
}