{
    "total races": 257,
    "average weekend score": 297.89494163424126,
    "average race position": 13.369649805447471,
    "average quali position": 9.26070038910506,
    "average fp1 position": 9.066147859922179,
    "average fp2 position": 8.929961089494164,
    "average fp3 position": 10.0,
    "average fastest lap position": 9.688715953307392,
    "average rise/fall factor": -4.108949416342412,
    "average teammate comp race": 0.0038910505836575876,
    "average teammate comp quali": 1.7587548638132295,
    "average driver standings position": 9.116731517509727,
    "average constructor standings position": 5.202334630350195
}