{
    "total races": 257,
    "wins": 6,
    "win percentage": 2.3346303501945527,
    "average weekend score": 341.63035019455253,
    "average race position": 13.369649805447471,
    "points per weekend": 4.373540856031128,
    "average quali position": 9.26070038910506,
    "average fp1 position": 9.066147859922179,
    "average fp2 position": 8.929961089494164,
    "average fp3 position": 10.0,
    "average fastest lap position": 9.688715953307392,
    "average rise/fall factor": -4.108949416342412,
    "average teammate comp race": 0.0038910505836575876,
    "average teammate comp quali": 1.7587548638132295,
    "average driver standings position": 9.116731517509727,
    "average constructor standings position": 5.202334630350195,
    "normalisation factor": 5.54907608489522,
    "career score": 1895.7328061389705
}