{
    "total races": 54,
    "average weekend score": 322.7037037037037,
    "average race position": 9.37037037037037,
    "average quali position": 7.648148148148148,
    "average fp1 position": 10.0,
    "average fp2 position": 10.0,
    "average fp3 position": 10.0,
    "average fastest lap position": 9.5,
    "average rise/fall factor": -1.7222222222222223,
    "average teammate comp race": -1.6296296296296295,
    "average teammate comp quali": -1.8148148148148149,
    "average driver standings position": 7.018518518518518,
    "average constructor standings position": 2.8333333333333335
}