{
    "total races": 18,
    "wins": 0,
    "win percentage": 0.0,
    "average weekend score": 162.77777777777777,
    "average race position": 11.722222222222221,
    "points per weekend": 3.8333333333333335,
    "average quali position": 14.666666666666666,
    "average fp1 position": 10.0,
    "average fp2 position": 10.0,
    "average fp3 position": 10.0,
    "average fastest lap position": 9.5,
    "average rise/fall factor": 2.9444444444444446,
    "average teammate comp race": -6.444444444444445,
    "average teammate comp quali": -9.38888888888889,
    "average driver standings position": 10.277777777777779,
    "average constructor standings position": 2.5555555555555554,
    "normalisation factor": 2.8903717578961645,
    "career score": 470.4882917019868
}