{
    "total races": 14,
    "wins": 0,
    "win percentage": 0.0,
    "average weekend score": 17.714285714285715,
    "average race position": 17.571428571428573,
    "points per weekend": 0.2857142857142857,
    "average quali position": 23.0,
    "average fp1 position": 10.0,
    "average fp2 position": 10.0,
    "average fp3 position": 10.0,
    "average fastest lap position": 10.0,
    "average rise/fall factor": 5.428571428571429,
    "average teammate comp race": -1.7142857142857142,
    "average teammate comp quali": -7.071428571428571,
    "average driver standings position": 10.0,
    "average constructor standings position": 4.857142857142857,
    "normalisation factor": 2.6390573296152584,
    "career score": 46.74901555318458
}