{
    "total races": 14,
    "average weekend score": 14.857142857142858,
    "average race position": 17.571428571428573,
    "average quali position": 23.0,
    "average fp1 position": 10.0,
    "average fp2 position": 10.0,
    "average fp3 position": 10.0,
    "average fastest lap position": 10.0,
    "average rise/fall factor": 5.428571428571429,
    "average teammate comp race": -1.7142857142857142,
    "average teammate comp quali": -7.071428571428571,
    "average driver standings position": 10.0,
    "average constructor standings position": 4.857142857142857
}