{
    "total races": 99,
    "wins": 1,
    "win percentage": 1.0101010101010102,
    "average weekend score": 458.8181818181818,
    "average race position": 10.919191919191919,
    "points per weekend": 4.94949494949495,
    "average quali position": 10.505050505050505,
    "average fp1 position": 10.545454545454545,
    "average fp2 position": 11.848484848484848,
    "average fp3 position": 11.464646464646465,
    "average fastest lap position": 10.545454545454545,
    "average rise/fall factor": -0.41414141414141414,
    "average teammate comp race": -0.030303030303030304,
    "average teammate comp quali": 1.1313131313131313,
    "average driver standings position": 11.454545454545455,
    "average constructor standings position": 5.575757575757576,
    "normalisation factor": 4.59511985013459,
    "career score": 2108.3245348753885
}