{
    "total races": 28,
    "average weekend score": 75.14285714285714,
    "average race position": 18.607142857142858,
    "average quali position": 20.214285714285715,
    "average fp1 position": 10.0,
    "average fp2 position": 10.0,
    "average fp3 position": 10.0,
    "average fastest lap position": 13.642857142857142,
    "average rise/fall factor": 1.6071428571428572,
    "average teammate comp race": -0.6428571428571429,
    "average teammate comp quali": 1.25,
    "average driver standings position": 10.0,
    "average constructor standings position": 6.75
}