{
    "total races": 11,
    "wins": 0,
    "win percentage": 0.0,
    "average weekend score": 208.36363636363637,
    "average race position": 15.181818181818182,
    "points per weekend": 0.0,
    "average quali position": 17.09090909090909,
    "average fp1 position": 20.90909090909091,
    "average fp2 position": 20.0,
    "average fp3 position": 17.636363636363637,
    "average fastest lap position": 17.0,
    "average rise/fall factor": 1.9090909090909092,
    "average teammate comp race": 1.0909090909090908,
    "average teammate comp quali": -0.45454545454545453,
    "average driver standings position": 24.454545454545453,
    "average constructor standings position": 9.181818181818182,
    "normalisation factor": 2.3978952727983707,
    "career score": 499.63417865944234
}