{
    "total races": 75,
    "wins": 0,
    "win percentage": 0.0,
    "average weekend score": 94.34666666666666,
    "average race position": 17.68,
    "points per weekend": 1.0933333333333333,
    "average quali position": 20.16,
    "average fp1 position": 15.6,
    "average fp2 position": 16.08,
    "average fp3 position": 10.0,
    "average fastest lap position": 13.613333333333333,
    "average rise/fall factor": 2.48,
    "average teammate comp race": -0.6533333333333333,
    "average teammate comp quali": -1.9333333333333333,
    "average driver standings position": 10.2,
    "average constructor standings position": 4.92,
    "normalisation factor": 4.31748811353631,
    "career score": 407.3406118851057
}