{
    "total races": 3,
    "wins": 0,
    "win percentage": 0.0,
    "average weekend score": -48.0,
    "average race position": 20.0,
    "points per weekend": 0.0,
    "average quali position": 24.333333333333332,
    "average fp1 position": 10.0,
    "average fp2 position": 10.0,
    "average fp3 position": 10.0,
    "average fastest lap position": 10.0,
    "average rise/fall factor": 4.333333333333333,
    "average teammate comp race": -2.6666666666666665,
    "average teammate comp quali": -4.666666666666667,
    "average driver standings position": 10.0,
    "average constructor standings position": 7.666666666666667,
    "normalisation factor": 1.0986122886681098,
    "career score": -52.733389856069266
}