{
    "total races": 3,
    "average weekend score": 80.0,
    "average race position": 17.0,
    "average quali position": 26.333333333333332,
    "average fp1 position": 25.666666666666668,
    "average fp2 position": 26.0,
    "average fp3 position": 10.0,
    "average fastest lap position": 13.666666666666666,
    "average rise/fall factor": 9.333333333333334,
    "average teammate comp race": 0.3333333333333333,
    "average teammate comp quali": -1.3333333333333333,
    "average driver standings position": 10.0,
    "average constructor standings position": 5.0
}