{
    "total races": 62,
    "wins": 0,
    "win percentage": 0.0,
    "average weekend score": 137.29032258064515,
    "average race position": 14.709677419354838,
    "points per weekend": 1.4838709677419355,
    "average quali position": 17.64516129032258,
    "average fp1 position": 10.0,
    "average fp2 position": 10.0,
    "average fp3 position": 10.0,
    "average fastest lap position": 10.0,
    "average rise/fall factor": 2.935483870967742,
    "average teammate comp race": -1.8387096774193548,
    "average teammate comp quali": -4.790322580645161,
    "average driver standings position": 11.612903225806452,
    "average constructor standings position": 6.32258064516129,
    "normalisation factor": 4.127134385045092,
    "career score": 566.6156110565132
}