{
    "total races": 181,
    "average weekend score": 308.353591160221,
    "average race position": 13.375690607734807,
    "average quali position": 11.911602209944752,
    "average fp1 position": 11.994475138121548,
    "average fp2 position": 12.165745856353592,
    "average fp3 position": 12.01657458563536,
    "average fastest lap position": 12.475138121546962,
    "average rise/fall factor": -1.4640883977900552,
    "average teammate comp race": -0.8287292817679558,
    "average teammate comp quali": 0.580110497237569,
    "average driver standings position": 12.972375690607734,
    "average constructor standings position": 6.535911602209945
}