{
    "total races": 11,
    "wins": 0,
    "win percentage": 0.0,
    "average weekend score": 111.0909090909091,
    "average race position": 16.272727272727273,
    "points per weekend": 1.2727272727272727,
    "average quali position": 13.454545454545455,
    "average fp1 position": 10.0,
    "average fp2 position": 10.0,
    "average fp3 position": 10.0,
    "average fastest lap position": 10.0,
    "average rise/fall factor": -2.8181818181818183,
    "average teammate comp race": -2.4545454545454546,
    "average teammate comp quali": -2.4545454545454546,
    "average driver standings position": 10.454545454545455,
    "average constructor standings position": 6.090909090909091,
    "normalisation factor": 2.3978952727983707,
    "career score": 266.38436575996445
}