{
    "total races": 113,
    "average weekend score": 281.46902654867256,
    "average race position": 11.902654867256636,
    "average quali position": 8.176991150442477,
    "average fp1 position": 10.0,
    "average fp2 position": 10.0,
    "average fp3 position": 10.0,
    "average fastest lap position": 9.283185840707965,
    "average rise/fall factor": -3.725663716814159,
    "average teammate comp race": -1.336283185840708,
    "average teammate comp quali": 1.345132743362832,
    "average driver standings position": 8.345132743362832,
    "average constructor standings position": 4.283185840707965
}