{
    "total races": 17,
    "average weekend score": 8.235294117647058,
    "average race position": 16.352941176470587,
    "average quali position": 13.470588235294118,
    "average fp1 position": 10.0,
    "average fp2 position": 10.0,
    "average fp3 position": 10.0,
    "average fastest lap position": 10.0,
    "average rise/fall factor": -2.8823529411764706,
    "average teammate comp race": -7.529411764705882,
    "average teammate comp quali": -5.823529411764706,
    "average driver standings position": 11.352941176470589,
    "average constructor standings position": 4.0588235294117645
}