{
    "total races": 326,
    "average weekend score": 403.64723926380367,
    "average race position": 10.9079754601227,
    "average quali position": 8.92638036809816,
    "average fp1 position": 9.38036809815951,
    "average fp2 position": 9.11963190184049,
    "average fp3 position": 10.50920245398773,
    "average fastest lap position": 9.07361963190184,
    "average rise/fall factor": -1.98159509202454,
    "average teammate comp race": -0.2116564417177914,
    "average teammate comp quali": 0.6901840490797546,
    "average driver standings position": 8.38036809815951,
    "average constructor standings position": 4.579754601226994
}