{
    "total races": 300,
    "wins": 53,
    "win percentage": 17.666666666666668,
    "average weekend score": 689.99,
    "average race position": 7.1466666666666665,
    "points per weekend": 11.083333333333334,
    "average quali position": 6.336666666666667,
    "average fp1 position": 7.53,
    "average fp2 position": 6.773333333333333,
    "average fp3 position": 6.343333333333334,
    "average fastest lap position": 6.68,
    "average rise/fall factor": -0.81,
    "average teammate comp race": 1.13,
    "average teammate comp quali": 0.7533333333333333,
    "average driver standings position": 5.723333333333334,
    "average constructor standings position": 3.34,
    "normalisation factor": 5.703782474656201,
    "career score": 3935.552869688032
}