{
    "total races": 283,
    "average weekend score": 439.57950530035333,
    "average race position": 9.363957597173146,
    "average quali position": 9.908127208480565,
    "average fp1 position": 9.650176678445229,
    "average fp2 position": 10.053003533568905,
    "average fp3 position": 9.989399293286219,
    "average fastest lap position": 8.756183745583039,
    "average rise/fall factor": 0.5441696113074205,
    "average teammate comp race": -0.7597173144876325,
    "average teammate comp quali": -1.4204946996466432,
    "average driver standings position": 8.321554770318022,
    "average constructor standings position": 4.240282685512367
}