{
    "total races": 21,
    "average weekend score": 200.71428571428572,
    "average race position": 15.571428571428571,
    "average quali position": 16.952380952380953,
    "average fp1 position": 15.476190476190476,
    "average fp2 position": 17.714285714285715,
    "average fp3 position": 15.476190476190476,
    "average fastest lap position": 14.523809523809524,
    "average rise/fall factor": 1.380952380952381,
    "average teammate comp race": -1.1428571428571428,
    "average teammate comp quali": 0.42857142857142855,
    "average driver standings position": 19.476190476190474,
    "average constructor standings position": 9.904761904761905
}