{
    "total races": 13,
    "wins": 0,
    "win percentage": 0.0,
    "average weekend score": -25.23076923076923,
    "average race position": 17.53846153846154,
    "points per weekend": 0.6153846153846154,
    "average quali position": 21.76923076923077,
    "average fp1 position": 10.0,
    "average fp2 position": 10.0,
    "average fp3 position": 10.0,
    "average fastest lap position": 10.0,
    "average rise/fall factor": 4.230769230769231,
    "average teammate comp race": -2.4615384615384617,
    "average teammate comp quali": -12.153846153846153,
    "average driver standings position": 10.0,
    "average constructor standings position": 5.923076923076923,
    "normalisation factor": 2.5649493574615367,
    "career score": -64.71564532672184
}