{
    "total races": 6,
    "average weekend score": -252.66666666666666,
    "average race position": 19.333333333333332,
    "average quali position": 23.333333333333332,
    "average fp1 position": 10.0,
    "average fp2 position": 10.0,
    "average fp3 position": 10.0,
    "average fastest lap position": 10.0,
    "average rise/fall factor": 4.0,
    "average teammate comp race": -15.333333333333334,
    "average teammate comp quali": -13.833333333333334,
    "average driver standings position": 10.0,
    "average constructor standings position": 4.833333333333333
}