{
    "total races": 15,
    "wins": 0,
    "win percentage": 0.0,
    "average weekend score": 119.73333333333333,
    "average race position": 16.133333333333333,
    "points per weekend": 1.0666666666666667,
    "average quali position": 23.0,
    "average fp1 position": 10.0,
    "average fp2 position": 10.0,
    "average fp3 position": 10.0,
    "average fastest lap position": 10.0,
    "average rise/fall factor": 6.866666666666666,
    "average teammate comp race": 0.8666666666666667,
    "average teammate comp quali": -4.2,
    "average driver standings position": 14.333333333333334,
    "average constructor standings position": 8.733333333333333,
    "normalisation factor": 2.70805020110221,
    "career score": 324.2438774119713
}