{
    "total races": 15,
    "average weekend score": 109.06666666666666,
    "average race position": 16.133333333333333,
    "average quali position": 23.0,
    "average fp1 position": 10.0,
    "average fp2 position": 10.0,
    "average fp3 position": 10.0,
    "average fastest lap position": 10.0,
    "average rise/fall factor": 6.866666666666666,
    "average teammate comp race": 0.8666666666666667,
    "average teammate comp quali": -4.2,
    "average driver standings position": 14.333333333333334,
    "average constructor standings position": 8.733333333333333
}