{
    "total races": 22,
    "average weekend score": 144.72727272727272,
    "average race position": 16.363636363636363,
    "average quali position": 21.09090909090909,
    "average fp1 position": 10.0,
    "average fp2 position": 10.0,
    "average fp3 position": 10.0,
    "average fastest lap position": 12.590909090909092,
    "average rise/fall factor": 4.7272727272727275,
    "average teammate comp race": 0.6818181818181818,
    "average teammate comp quali": -0.09090909090909091,
    "average driver standings position": 10.909090909090908,
    "average constructor standings position": 6.545454545454546
}