{
    "total races": 103,
    "average weekend score": 225.6601941747573,
    "average race position": 14.058252427184467,
    "average quali position": 16.883495145631066,
    "average fp1 position": 14.106796116504855,
    "average fp2 position": 13.41747572815534,
    "average fp3 position": 10.0,
    "average fastest lap position": 11.398058252427184,
    "average rise/fall factor": 2.825242718446602,
    "average teammate comp race": 1.1941747572815533,
    "average teammate comp quali": -2.262135922330097,
    "average driver standings position": 9.116504854368932,
    "average constructor standings position": 4.728155339805825
}