{
    "total races": 22,
    "wins": 0,
    "win percentage": 0.0,
    "average weekend score": 158.36363636363637,
    "average race position": 16.363636363636363,
    "points per weekend": 1.3636363636363635,
    "average quali position": 21.09090909090909,
    "average fp1 position": 10.0,
    "average fp2 position": 10.0,
    "average fp3 position": 10.0,
    "average fastest lap position": 12.590909090909092,
    "average rise/fall factor": 4.7272727272727275,
    "average teammate comp race": 0.6818181818181818,
    "average teammate comp quali": -0.09090909090909091,
    "average driver standings position": 10.909090909090908,
    "average constructor standings position": 6.545454545454546,
    "normalisation factor": 3.091042453358316,
    "career score": 489.50872306819883
}