{
    "total races": 14,
    "average weekend score": 275.85714285714283,
    "average race position": 11.428571428571429,
    "average quali position": 4.642857142857143,
    "average fp1 position": 10.0,
    "average fp2 position": 10.0,
    "average fp3 position": 10.0,
    "average fastest lap position": 8.071428571428571,
    "average rise/fall factor": -6.785714285714286,
    "average teammate comp race": -5.5,
    "average teammate comp quali": 3.0,
    "average driver standings position": 3.2142857142857144,
    "average constructor standings position": 2.142857142857143
}