{
    "total races": 42,
    "average weekend score": 274.0238095238095,
    "average race position": 13.619047619047619,
    "average quali position": 15.071428571428571,
    "average fp1 position": 13.595238095238095,
    "average fp2 position": 14.214285714285714,
    "average fp3 position": 14.357142857142858,
    "average fastest lap position": 12.880952380952381,
    "average rise/fall factor": 1.4523809523809523,
    "average teammate comp race": 0.5714285714285714,
    "average teammate comp quali": -2.6666666666666665,
    "average driver standings position": 16.095238095238095,
    "average constructor standings position": 7.4523809523809526
}