{
    "total races": 91,
    "average weekend score": 221.52747252747253,
    "average race position": 14.472527472527473,
    "average quali position": 14.615384615384615,
    "average fp1 position": 13.736263736263735,
    "average fp2 position": 16.571428571428573,
    "average fp3 position": 13.56043956043956,
    "average fastest lap position": 13.31868131868132,
    "average rise/fall factor": 0.14285714285714285,
    "average teammate comp race": -1.5054945054945055,
    "average teammate comp quali": -2.065934065934066,
    "average driver standings position": 16.846153846153847,
    "average constructor standings position": 7.34065934065934
}