{
    "total races": 26,
    "average weekend score": 92.96153846153847,
    "average race position": 17.192307692307693,
    "average quali position": 21.03846153846154,
    "average fp1 position": 20.576923076923077,
    "average fp2 position": 20.692307692307693,
    "average fp3 position": 10.0,
    "average fastest lap position": 18.076923076923077,
    "average rise/fall factor": 3.8461538461538463,
    "average teammate comp race": -0.7307692307692307,
    "average teammate comp quali": -1.3461538461538463,
    "average driver standings position": 14.846153846153847,
    "average constructor standings position": 8.153846153846153
}