{
    "total races": 71,
    "wins": 0,
    "win percentage": 0.0,
    "average weekend score": 151.22535211267606,
    "average race position": 16.690140845070424,
    "points per weekend": 1.8028169014084507,
    "average quali position": 12.71830985915493,
    "average fp1 position": 10.014084507042254,
    "average fp2 position": 9.915492957746478,
    "average fp3 position": 10.0,
    "average fastest lap position": 10.95774647887324,
    "average rise/fall factor": -3.971830985915493,
    "average teammate comp race": -1.2253521126760563,
    "average teammate comp quali": -2.6619718309859155,
    "average driver standings position": 10.633802816901408,
    "average constructor standings position": 5.309859154929577,
    "normalisation factor": 4.2626798770413155,
    "career score": 644.6252653491916
}