{
    "total races": 164,
    "average weekend score": 313.9146341463415,
    "average race position": 12.597560975609756,
    "average quali position": 12.609756097560975,
    "average fp1 position": 11.670731707317072,
    "average fp2 position": 11.615853658536585,
    "average fp3 position": 10.0,
    "average fastest lap position": 12.426829268292684,
    "average rise/fall factor": 0.012195121951219513,
    "average teammate comp race": 0.8780487804878049,
    "average teammate comp quali": 0.5792682926829268,
    "average driver standings position": 9.036585365853659,
    "average constructor standings position": 5.725609756097561
}