{
    "total races": 37,
    "average weekend score": 224.86486486486487,
    "average race position": 14.783783783783784,
    "average quali position": 18.054054054054053,
    "average fp1 position": 16.756756756756758,
    "average fp2 position": 19.91891891891892,
    "average fp3 position": 16.0,
    "average fastest lap position": 16.243243243243242,
    "average rise/fall factor": 3.27027027027027,
    "average teammate comp race": 0.972972972972973,
    "average teammate comp quali": -0.6756756756756757,
    "average driver standings position": 17.81081081081081,
    "average constructor standings position": 9.216216216216216
}