{
    "total races": 36,
    "average weekend score": 136.61111111111111,
    "average race position": 15.61111111111111,
    "average quali position": 17.083333333333332,
    "average fp1 position": 10.0,
    "average fp2 position": 10.0,
    "average fp3 position": 10.0,
    "average fastest lap position": 10.0,
    "average rise/fall factor": 1.4722222222222223,
    "average teammate comp race": -0.4722222222222222,
    "average teammate comp quali": -2.0555555555555554,
    "average driver standings position": 11.972222222222221,
    "average constructor standings position": 5.916666666666667
}