{
    "total races": 3,
    "wins": 0,
    "win percentage": 0.0,
    "average weekend score": -176.66666666666666,
    "average race position": 16.666666666666668,
    "points per weekend": 0.3333333333333333,
    "average quali position": 27.0,
    "average fp1 position": 10.0,
    "average fp2 position": 10.0,
    "average fp3 position": 10.0,
    "average fastest lap position": 10.0,
    "average rise/fall factor": 10.333333333333334,
    "average teammate comp race": -9.0,
    "average teammate comp quali": -22.666666666666668,
    "average driver standings position": 10.0,
    "average constructor standings position": 1.6666666666666667,
    "normalisation factor": 1.0986122886681098,
    "career score": -194.08817099803272
}