{
    "total races": 95,
    "average weekend score": 214.7157894736842,
    "average race position": 15.126315789473685,
    "average quali position": 17.221052631578946,
    "average fp1 position": 17.410526315789475,
    "average fp2 position": 17.231578947368423,
    "average fp3 position": 16.936842105263157,
    "average fastest lap position": 15.673684210526316,
    "average rise/fall factor": 2.094736842105263,
    "average teammate comp race": 0.3157894736842105,
    "average teammate comp quali": -0.29473684210526313,
    "average driver standings position": 17.13684210526316,
    "average constructor standings position": 8.589473684210526
}