{
    "total races": 3,
    "average weekend score": 121.66666666666667,
    "average race position": 15.333333333333334,
    "average quali position": 20.0,
    "average fp1 position": 19.333333333333332,
    "average fp2 position": 18.666666666666668,
    "average fp3 position": 10.0,
    "average fastest lap position": 16.333333333333332,
    "average rise/fall factor": 4.666666666666667,
    "average teammate comp race": -1.3333333333333333,
    "average teammate comp quali": -6.0,
    "average driver standings position": 24.333333333333332,
    "average constructor standings position": 9.0
}