{
    "total races": 27,
    "average weekend score": 156.2962962962963,
    "average race position": 11.11111111111111,
    "average quali position": 13.37037037037037,
    "average fp1 position": 10.0,
    "average fp2 position": 10.0,
    "average fp3 position": 10.0,
    "average fastest lap position": 10.0,
    "average rise/fall factor": 2.259259259259259,
    "average teammate comp race": -5.592592592592593,
    "average teammate comp quali": -8.592592592592593,
    "average driver standings position": 8.296296296296296,
    "average constructor standings position": 2.7777777777777777
}