{
    "total races": 7,
    "wins": 0,
    "win percentage": 0.0,
    "average weekend score": 150.28571428571428,
    "average race position": 17.0,
    "points per weekend": 0.5714285714285714,
    "average quali position": 20.428571428571427,
    "average fp1 position": 10.0,
    "average fp2 position": 10.0,
    "average fp3 position": 10.0,
    "average fastest lap position": 10.0,
    "average rise/fall factor": 3.4285714285714284,
    "average teammate comp race": 3.0,
    "average teammate comp quali": -0.5714285714285714,
    "average driver standings position": 10.0,
    "average constructor standings position": 5.0,
    "normalisation factor": 1.9459101490553132,
    "career score": 292.4424966865985
}