{
    "total races": 3,
    "wins": 0,
    "win percentage": 0.0,
    "average weekend score": -324.0,
    "average race position": 20.0,
    "points per weekend": 0.0,
    "average quali position": 22.333333333333332,
    "average fp1 position": 10.0,
    "average fp2 position": 10.0,
    "average fp3 position": 10.0,
    "average fastest lap position": 10.0,
    "average rise/fall factor": 2.3333333333333335,
    "average teammate comp race": -15.333333333333334,
    "average teammate comp quali": -20.666666666666668,
    "average driver standings position": 10.0,
    "average constructor standings position": 1.6666666666666667,
    "normalisation factor": 1.0986122886681098,
    "career score": -355.9503815284676
}