{
    "total races": 28,
    "wins": 0,
    "win percentage": 0.0,
    "average weekend score": 41.714285714285715,
    "average race position": 15.035714285714286,
    "points per weekend": 2.0357142857142856,
    "average quali position": 12.892857142857142,
    "average fp1 position": 10.0,
    "average fp2 position": 10.0,
    "average fp3 position": 10.0,
    "average fastest lap position": 10.0,
    "average rise/fall factor": -2.142857142857143,
    "average teammate comp race": -8.607142857142858,
    "average teammate comp quali": -7.321428571428571,
    "average driver standings position": 10.678571428571429,
    "average constructor standings position": 3.0,
    "normalisation factor": 3.332204510175204,
    "career score": 139.00053099587993
}