{
    "total races": 97,
    "average weekend score": 128.7319587628866,
    "average race position": 16.90721649484536,
    "average quali position": 17.257731958762886,
    "average fp1 position": 16.298969072164947,
    "average fp2 position": 16.123711340206185,
    "average fp3 position": 10.0,
    "average fastest lap position": 15.29896907216495,
    "average rise/fall factor": 0.35051546391752575,
    "average teammate comp race": -1.5670103092783505,
    "average teammate comp quali": -0.979381443298969,
    "average driver standings position": 10.350515463917526,
    "average constructor standings position": 6.43298969072165
}