{
    "total races": 13,
    "average weekend score": -1.0769230769230769,
    "average race position": 17.692307692307693,
    "average quali position": 23.53846153846154,
    "average fp1 position": 10.0,
    "average fp2 position": 10.0,
    "average fp3 position": 10.0,
    "average fastest lap position": 10.0,
    "average rise/fall factor": 5.846153846153846,
    "average teammate comp race": -2.769230769230769,
    "average teammate comp quali": -6.923076923076923,
    "average driver standings position": 10.0,
    "average constructor standings position": 6.923076923076923
}