{
    "total races": 13,
    "wins": 0,
    "win percentage": 0.0,
    "average weekend score": 3.5384615384615383,
    "average race position": 17.692307692307693,
    "points per weekend": 0.46153846153846156,
    "average quali position": 23.53846153846154,
    "average fp1 position": 10.0,
    "average fp2 position": 10.0,
    "average fp3 position": 10.0,
    "average fastest lap position": 10.0,
    "average rise/fall factor": 5.846153846153846,
    "average teammate comp race": -2.769230769230769,
    "average teammate comp quali": -6.923076923076923,
    "average driver standings position": 10.0,
    "average constructor standings position": 6.923076923076923,
    "normalisation factor": 2.5649493574615367,
    "career score": 9.075974649479283
}