{
    "total races": 13,
    "average weekend score": 289.53846153846155,
    "average race position": 12.0,
    "average quali position": 14.538461538461538,
    "average fp1 position": 10.0,
    "average fp2 position": 10.0,
    "average fp3 position": 10.0,
    "average fastest lap position": 10.0,
    "average rise/fall factor": 2.5384615384615383,
    "average teammate comp race": 2.923076923076923,
    "average teammate comp quali": -1.3076923076923077,
    "average driver standings position": 14.384615384615385,
    "average constructor standings position": 5.076923076923077
}