{
    "total races": 58,
    "average weekend score": 240.25862068965517,
    "average race position": 14.258620689655173,
    "average quali position": 14.568965517241379,
    "average fp1 position": 13.913793103448276,
    "average fp2 position": 13.586206896551724,
    "average fp3 position": 14.379310344827585,
    "average fastest lap position": 12.413793103448276,
    "average rise/fall factor": 0.3103448275862069,
    "average teammate comp race": -1.7241379310344827,
    "average teammate comp quali": -1.6724137931034482,
    "average driver standings position": 13.89655172413793,
    "average constructor standings position": 6.689655172413793
}