{
    "total races": 69,
    "wins": 0,
    "win percentage": 0.0,
    "average weekend score": 236.14492753623188,
    "average race position": 15.101449275362318,
    "points per weekend": 1.6956521739130435,
    "average quali position": 14.565217391304348,
    "average fp1 position": 10.0,
    "average fp2 position": 10.0,
    "average fp3 position": 10.0,
    "average fastest lap position": 10.0,
    "average rise/fall factor": -0.5362318840579711,
    "average teammate comp race": 1.0144927536231885,
    "average teammate comp quali": 3.6231884057971016,
    "average driver standings position": 12.73913043478261,
    "average constructor standings position": 7.521739130434782,
    "normalisation factor": 4.23410650459726,
    "career score": 999.8627737088079
}