{
    "total races": 13,
    "average weekend score": -31.384615384615383,
    "average race position": 16.46153846153846,
    "average quali position": 10.076923076923077,
    "average fp1 position": 10.0,
    "average fp2 position": 10.0,
    "average fp3 position": 10.0,
    "average fastest lap position": 10.0,
    "average rise/fall factor": -6.384615384615385,
    "average teammate comp race": -11.384615384615385,
    "average teammate comp quali": -5.461538461538462,
    "average driver standings position": 10.76923076923077,
    "average constructor standings position": 2.8461538461538463
}