{
    "total races": 13,
    "wins": 0,
    "win percentage": 0.0,
    "average weekend score": -6.0,
    "average race position": 16.46153846153846,
    "points per weekend": 2.5384615384615383,
    "average quali position": 10.076923076923077,
    "average fp1 position": 10.0,
    "average fp2 position": 10.0,
    "average fp3 position": 10.0,
    "average fastest lap position": 10.0,
    "average rise/fall factor": -6.384615384615385,
    "average teammate comp race": -11.384615384615385,
    "average teammate comp quali": -5.461538461538462,
    "average driver standings position": 10.76923076923077,
    "average constructor standings position": 2.8461538461538463,
    "normalisation factor": 2.5649493574615367,
    "career score": -15.389696144769221
}