{
    "total races": 9,
    "wins": 0,
    "win percentage": 0.0,
    "average weekend score": -195.33333333333334,
    "average race position": 18.444444444444443,
    "points per weekend": 0.2222222222222222,
    "average quali position": 22.0,
    "average fp1 position": 10.0,
    "average fp2 position": 10.0,
    "average fp3 position": 10.0,
    "average fastest lap position": 10.0,
    "average rise/fall factor": 3.5555555555555554,
    "average teammate comp race": -11.666666666666666,
    "average teammate comp quali": -15.88888888888889,
    "average driver standings position": 10.0,
    "average constructor standings position": 2.111111111111111,
    "normalisation factor": 2.1972245773362196,
    "career score": -429.19120077300823
}