{
    "total races": 90,
    "average weekend score": 276.4111111111111,
    "average race position": 13.644444444444444,
    "average quali position": 12.722222222222221,
    "average fp1 position": 11.722222222222221,
    "average fp2 position": 12.088888888888889,
    "average fp3 position": 12.166666666666666,
    "average fastest lap position": 12.511111111111111,
    "average rise/fall factor": -0.9222222222222223,
    "average teammate comp race": -1.1888888888888889,
    "average teammate comp quali": -0.7777777777777778,
    "average driver standings position": 13.833333333333334,
    "average constructor standings position": 7.333333333333333
}