{
    "total races": 47,
    "average weekend score": 205.12765957446808,
    "average race position": 14.957446808510639,
    "average quali position": 18.04255319148936,
    "average fp1 position": 17.97872340425532,
    "average fp2 position": 16.70212765957447,
    "average fp3 position": 10.0,
    "average fastest lap position": 16.106382978723403,
    "average rise/fall factor": 3.0851063829787235,
    "average teammate comp race": 0.48936170212765956,
    "average teammate comp quali": -0.3829787234042553,
    "average driver standings position": 13.25531914893617,
    "average constructor standings position": 7.170212765957447
}