{
    "total races": 63,
    "average weekend score": 212.28571428571428,
    "average race position": 14.555555555555555,
    "average quali position": 18.523809523809526,
    "average fp1 position": 17.095238095238095,
    "average fp2 position": 17.761904761904763,
    "average fp3 position": 10.0,
    "average fastest lap position": 13.873015873015873,
    "average rise/fall factor": 3.9682539682539684,
    "average teammate comp race": 0.06349206349206349,
    "average teammate comp quali": -0.8095238095238095,
    "average driver standings position": 12.682539682539682,
    "average constructor standings position": 7.603174603174603
}